easting,northing,coarse_local_slope,coarse_sustained_slope,coarse_p65_sustained_slope,coarse_relief_m,coarse_profile_drop240_m,coarse_width_m,coarse_downslope_span_m,coarse_area_ha,coarse_aspect_deg,strict_profile_count,strict_profile_fraction,tile
510799.1175111803,148806.86579014853,13.002127647399902,13.254631042480469,13.804412841796875,96.88639831542969,57.847896575927734,2960.9783113002777,672.1461522579193,115.27,171.28802,147,0.91875,E504000_N144000
463176.93823713274,106717.09581921439,11.301944732666016,10.687955856323242,11.609488487243652,68.53225708007812,45.279640197753906,3104.3444257229567,559.9325528554618,68.62,182.19821,69,0.43125,E456000_N104000
505537.22761479934,149067.0958279792,9.996776580810547,11.00210952758789,11.515809059143066,79.35332489013672,45.9810676574707,2714.700134024024,650.6716375797987,110.87,186.34651,73,0.45625,E504000_N144000
507745.6938020814,148650.32759806004,10.818781852722168,11.954174041748047,12.447229385375977,92.62911987304688,50.191158294677734,2191.5928249061108,620.5460070073605,86.57,187.58615,116,0.725,E504000_N144000
472650.1452155153,125458.32655051588,15.084814071655273,15.240739822387695,16.00010108947754,99.55776977539062,69.83592224121094,1829.551737010479,508.4253913164139,43.14,172.0727,160,1.0,E472000_N120000
510259.29171614,142918.82714588745,9.897160530090332,10.896997451782227,12.110601425170898,110.29287719726562,43.133262634277344,1655.0176955759525,786.4133897423744,52.97,183.4851,76,0.475,E504000_N136000
474154.11651963816,127016.86589616697,18.815013885498047,14.946539878845215,16.3929443359375,117.8172607421875,66.26927185058594,1286.083758994937,590.54752856493,34.73,171.64789,147,0.91875,E472000_N120000
473447.1897005578,126654.80124273623,25.094093322753906,16.71328353881836,18.584640502929688,119.79473114013672,80.210205078125,918.1949503347278,378.85479897260666,19.19,151.29803,133,0.83125,E472000_N120000
502866.3920767341,148206.5874832737,12.623254776000977,10.651540756225586,12.061264038085938,105.72581481933594,44.74720001220703,1301.81803451851,665.210969094187,37.05,180.89473,74,0.4625,E496000_N144000
489901.79406351375,113542.82216399055,11.135017395019531,12.17315673828125,12.878972053527832,95.99118041992188,52.15937423706055,1486.6632890701294,653.3605355024338,47.26,177.57983,110,0.6875,E488000_N112000
437370.045378537,161427.65031702135,12.886343002319336,13.1543550491333,14.202646255493164,98.55032348632812,56.08123016357422,1071.5197438001633,540.8741274476051,32.1,185.12418,123,0.76875,E432000_N160000
482245.15360300324,110999.03743325477,10.630797386169434,14.464361190795898,16.011627197265625,108.73274230957031,64.64366149902344,860.4149536043406,789.60555779282,25.93,189.6973,128,0.8,E480000_N104000
487715.74935877335,130918.41181522523,11.537389755249023,10.834421157836914,11.972871780395508,75.4915771484375,45.72016143798828,1473.4148675948381,500.89725099503994,39.36,177.27185,71,0.44375,E480000_N128000
500942.8866533488,138780.20091985457,10.535658836364746,10.177755355834961,11.746877670288086,100.3111801147461,42.01436233520508,992.6872304081917,678.5283622145653,29.81,147.68097,64,0.4,E496000_N136000
471377.71182389907,119835.51431527974,11.064836502075195,14.447186470031738,15.266715049743652,110.01960754394531,63.39954376220703,744.7256669402122,800.7132709026337,13.38,184.57483,150,0.9375,E464000_N112000
494230.3518019,114608.74527008343,10.050931930541992,12.617118835449219,13.9320707321167,112.07625579833984,55.20680236816406,704.1765761375427,713.5948330163956,20.38,167.17035,116,0.725,E488000_N112000
431644.64531445125,156418.66936027413,13.711202621459961,12.871137619018555,14.445584297180176,94.0120849609375,56.26099395751953,934.2230659723282,484.85887974500656,29.35,179.11334,118,0.7375,E424000_N152000
472439.22824236,119010.74785255274,10.618542671203613,11.915105819702148,12.342992782592773,82.98446655273438,52.08074951171875,1206.354940533638,664.6680796146393,25.15,185.00891,120,0.75,E472000_N112000
471767.70554879284,124899.09598846518,13.666396141052246,15.76536750793457,16.277347564697266,93.06824493408203,74.61224365234375,899.4881111383438,443.20539951324463,20.23,152.92853,149,0.93125,E464000_N120000
468301.4296058796,122458.62463684837,12.013484954833984,9.998069763183594,11.487353324890137,81.18455505371094,43.22783279418945,1147.8535060584545,482.7383168786764,23.1,201.42148,64,0.4,E464000_N120000
499645.8393088127,138447.84417815306,10.402826309204102,10.439786911010742,11.935802459716797,95.74803924560547,43.294288635253906,877.3546850681305,648.5070192813873,26.25,202.63835,72,0.45,E496000_N136000
502124.7523574526,108360.22366403206,15.670316696166992,10.636865615844727,11.7195405960083,74.89616394042969,48.94427490234375,1083.8383835554123,524.9365957081318,13.84,172.0343,69,0.43125,E496000_N104000
494487.48619094415,115102.99378513439,10.73527717590332,11.206329345703125,12.22159194946289,97.60249328613281,47.69981384277344,712.1136583574116,659.2533680610359,12.64,155.62854,85,0.53125,E488000_N112000
488975.36842169974,129702.40694712091,9.721964836120605,10.845219612121582,12.381159782409668,92.33287048339844,43.898414611816406,810.015210150741,630.0532355275936,30.55,183.00485,75,0.46875,E488000_N128000
474580.7869551586,131444.23412232538,16.376291275024414,13.278018951416016,13.827319145202637,87.86030578613281,60.40968704223633,749.5940436422825,500.5090990662575,15.27,194.206,152,0.95,E472000_N128000
488456.0593609599,113507.56154453238,12.312637329101562,12.181812286376953,13.18067741394043,85.69779205322266,52.80124282836914,815.8715575933456,447.195079177618,24.24,194.54536,108,0.675,E488000_N112000
492350.09136856184,130567.17202151983,16.22019386291504,12.34060287475586,13.273983001708984,96.24853515625,52.890647888183594,522.3835563659668,477.32457756996155,10.45,138.34872,122,0.7625,E488000_N128000
500437.8532821694,138492.81169744494,11.899886131286621,10.683679580688477,13.175867080688477,91.84115600585938,45.09785079956055,696.6743189096451,447.2133779525757,14.48,208.50952,73,0.45625,E496000_N136000
504574.2493504864,112368.09121637247,10.80319595336914,11.831089973449707,12.15540885925293,76.71702575683594,52.052242279052734,990.9831055998802,436.0122834146023,24.29,204.49738,111,0.69375,E504000_N112000
485545.5723124757,129004.8748814808,14.550137519836426,12.850261688232422,13.528281211853027,89.1361083984375,54.688602447509766,660.1797464489937,468.03153961896896,17.71,211.5474,126,0.7875,E480000_N128000
436540.61776722077,162119.48345228698,16.712635040283203,10.979482650756836,11.640461921691895,67.29177856445312,47.53083801269531,1048.876736909151,417.3237680643797,19.29,171.82916,75,0.4838709677419355,E432000_N160000
460426.9260510153,122417.53402743721,10.841198921203613,13.722963333129883,14.653307914733887,74.61973571777344,60.89459228515625,985.4678022861481,406.4211666584015,16.02,179.15332,138,0.8625,E456000_N120000
469319.193101186,122734.9297876582,12.186659812927246,11.480218887329102,11.872467994689941,73.65443420410156,50.084999084472656,938.069935888052,405.7481950521469,21.97,195.31558,90,0.5625,E464000_N120000
506061.18092699785,142564.30020656422,13.38221263885498,10.696155548095703,11.446235656738281,79.68159484863281,45.41773223876953,792.947151362896,427.8355439007282,15.03,204.15802,69,0.43125,E504000_N136000
508260.6616355378,142233.04909959194,9.627031326293945,10.173843383789062,11.478846549987793,96.73623657226562,42.01658630371094,507.91798919439316,508.64272221922874,15.96,195.79211,68,0.425,E504000_N136000
439774.792516389,159620.89415650413,14.877280235290527,12.111527442932129,12.742831230163574,87.7437744140625,52.236366271972656,543.8703572750092,444.6394371986389,13.01,191.48648,114,0.7125,E432000_N152000
464139.93946699786,120444.98429803592,9.590717315673828,10.711395263671875,11.709559440612793,67.95014953613281,45.723106384277344,989.4371598958969,435.164697766304,24.89,210.13121,73,0.45625,E464000_N120000
481547.90801955457,110367.84507565979,9.793213844299316,11.828393936157227,12.405181884765625,76.55612182617188,50.0058708190918,787.3077462613583,705.6335291266441,25.01,166.69275,110,0.6875,E480000_N104000
493662.3381699341,114810.87735323484,15.469334602355957,13.214160919189453,13.478530883789062,79.73249816894531,57.989776611328125,583.7169587612152,329.4803246855736,10.33,198.33644,131,1.0,E488000_N112000
473819.2467869115,129084.34223599966,13.057194709777832,9.61087417602539,12.285165786743164,75.32196044921875,40.89614486694336,638.398831486702,276.5136229991913,11.4,186.33884,68,0.425,E472000_N128000
486157.0486112986,129284.91423687804,12.491170883178711,11.12374496459961,12.514913558959961,75.2895736694336,47.2941780090332,628.5679847002029,377.6199460029602,13.48,147.93527,82,0.5125,E480000_N128000
474009.852920951,131241.14621371814,10.447433471679688,11.114255905151367,11.975102424621582,70.6944351196289,53.12785720825195,703.436895608902,313.42794358730316,11.78,135.55585,80,0.5,E472000_N128000
457341.30347624305,87415.56178082962,13.044711112976074,13.777767181396484,14.321768760681152,58.35955810546875,61.849769592285156,882.6189734041691,248.34057241678238,12.74,222.14551,133,0.83125,E456000_N80000
499204.95450046635,138718.4632268026,13.676218032836914,11.662601470947266,12.534781455993652,73.25350952148438,49.24966812133789,509.82956379652023,348.39172154664993,10.84,202.17003,97,0.60625,E496000_N136000
458727.08316904464,180957.43697668726,12.860249519348145,10.666488647460938,11.473244667053223,72.38655090332031,48.95528793334961,442.80802488327026,345.33291459083557,9.79,135.72406,69,0.43125,E456000_N176000
438109.43771384645,160177.7453597221,12.112926483154297,14.554132461547852,14.70710563659668,63.17230224609375,62.88993835449219,563.9529067277908,248.2432296872139,7.78,198.5937,135,1.0,E432000_N160000
439479.9608922948,160085.07272763824,15.366880416870117,10.835393905639648,11.863601684570312,64.93115234375,49.12635803222656,440.4023540019989,305.02286195755005,5.44,202.1579,77,0.48125,E432000_N160000
440709.211520933,159078.00651610774,12.039186477661133,10.748563766479492,11.415461540222168,62.9478759765625,48.416847229003906,510.8808568120003,316.9564923644066,9.82,218.92859,67,0.4652777777777778,E440000_N152000
