rank,selection_tier,ideal_match,paragliding_score,name,grid_ref,facing,aspect_deg,distance_miles,representative_slope_deg,vertical_relief_m,vertical_relief_ft,ridge_length_m,ridge_8deg_m,ridge_9_5deg_m,percent_face_8deg,percent_face_9_5deg,connected_area_ha,downslope_span_m,roughness_m,gaps_count,largest_gap_m,slope_score,relief_score,ridge_score,exposure_proxy_score,continuity_score,launch_proxy_score,aspect_score,whitewool_similarity_pct,latitude,longitude,easting,northing,category,status
1,Ideal,True,82.25079887209459,Unnamed face near SU 742 269,SU 7393 2688,SSE,167.576171875,6.622829306318886,17.04910659790039,60.06982421875,197.0794820898437,2076.4635183892096,2074.6742241389584,2046.9241557773785,93.71827542627469,84.51530030869952,60.26415602488889,685.5077939623297,8.455475807189941,0,0,100.0,44.52202690972222,100.0,76.04189453125001,100.0,78.78426074981688,77.4112215909091,48.34447002843218,51.036541855799314,-0.9469426040751612,473932.2950491085,126880.95040697113,Likely ridge-soarable,Likely ridge-soarable
2,Ideal,True,80.95759702886606,Unnamed face near TQ 091 490,TQ 0973 4864,S,185.68492126464844,28.152632316723327,12.31922721862793,43.72123718261719,143.44238379821778,1466.4916043664562,1534.9904571976513,1503.119212437712,73.20047524042234,61.74314600192786,51.74007614506666,636.5420457677101,3.794415473937988,0,0,100.0,26.356930202907986,100.0,66.23274230957031,100.0,96.91060649024115,89.66377951882102,57.89793054058262,51.22645139119241,-0.4298310091671986,509737.7300614185,148644.35158847703,Likely ridge-soarable,Likely ridge-soarable
3,Ideal,True,80.5368040923177,Unnamed face near TQ 105 486,TQ 1062 4874,S,171.2005615234375,28.697035124497067,12.621654510498049,44.966217041015625,147.5269635168457,2599.549493679777,2799.709783710656,2799.4281974082114,76.93473501888427,65.78339628088239,96.97661876799998,609.2220743587095,3.94115948677063,0,0,100.0,27.740241156684025,100.0,66.97973022460938,100.0,96.33993532922534,84.00102095170455,49.895276092318056,51.22721227572943,-0.4170997717326332,510624.85152897856,148748.034764091,Likely ridge-soarable,Likely ridge-soarable
4,Ideal,True,80.51672005601647,Unnamed face near SU 727 253,SU 7256 2540,SSE,156.54840087890625,6.825504952514826,14.923152923583984,58.49385070800781,191.90896515686035,2418.749235555646,2511.2745595839806,2501.3686040513567,85.06108848574603,73.4394668641244,71.29070338257777,789.231675188872,8.189140319824219,0,0,100.0,42.77094523111979,100.0,75.09631042480468,100.0,72.25698153177898,57.36072887073864,54.857942218259346,51.02346330031016,-0.966705512048777,472567.0256783006,125406.95131471552,Likely ridge-soarable,Likely ridge-soarable
5,Ideal,True,79.62967200273118,Unnamed face near TQ 124 495,TQ 1245 4949,SSE,149.2933349609375,29.925464844000118,14.034088134765623,51.2929801940918,168.28406113998412,2598.9128004727536,2799.8663479033858,2799.324848570337,84.90361528435206,74.75475063456129,89.01611441742222,583.0020786226378,5.967363357543945,0,0,100.0,34.76997799343533,100.0,70.77578811645509,100.0,88.46025360955132,44.169699928977266,54.86593457687249,51.233612283294576,-0.3905985595296264,512459.6461479916,149499.92070331817,Likely ridge-soarable,Likely ridge-soarable
6,Ideal,True,79.25465903726814,Unnamed face near SU 745 314,SU 7439 3142,S,171.31451416015625,5.215785433176141,13.113131523132324,46.43693542480469,152.3521552191162,1471.8030582396314,1433.1226485431544,1410.928443638608,76.22107541201932,63.7689362410521,36.88057476177778,768.5829098760441,9.556890487670898,0,0,100.0,29.37437269422743,100.0,67.86216125488282,100.0,73.48164664374457,84.20820756392045,62.212078046622196,51.07736463597115,-0.9394628659082964,474391.3841669644,131428.13305903142,Likely ridge-soarable,Likely ridge-soarable
7,Ideal,True,78.51072283975303,Unnamed face near SU 714 196,SU 7165 1991,SSE,160.1883544921875,9.675810562016068,12.382729530334473,44.24853515625,145.17236408203124,1564.6569655059138,1427.6839719384443,1398.0121151920175,71.543471927415,59.65788487951055,83.14820443253333,1209.6666084385795,6.801423072814941,0,0,100.0,26.94281684027778,100.0,66.54912109375,100.0,85.21668805016411,63.97882634943181,55.3264405432171,50.97419002435819,-0.980807992194998,471653.6968077349,119913.8269052434,Likely ridge-soarable,Likely ridge-soarable
8,Ideal,True,78.32853665398503,Pidham Hill,SU 6908 2280,SSW,198.25814819335935,7.52136570190156,11.891898155212402,42.4124755859375,139.14854640136718,1055.8254850225055,986.052613757376,1083.9906424891087,64.25526896574962,48.7187694795896,27.571972128177773,520.9746200084919,5.89293909072876,0,0,100.0,24.902750651041668,100.0,65.4474853515625,98.97005282497288,79.01451190312703,66.80336692116482,72.74752869452338,51.00047414354536,-1.0167985239456674,469087.89497839176,122802.41469806591,Likely ridge-soarable,Likely ridge-soarable
9,Ideal,True,77.9147533591705,Unnamed face near SU 590 783,SU 5948 7947,SSE,166.12030029296875,28.199285079645783,11.18154239654541,37.24871444702149,122.20707230636596,977.0512769235648,1177.4861872059992,1096.7363091826555,71.0627690913211,55.4498073872649,18.162502283377776,657.5571808170207,4.885274410247803,0,0,100.0,19.165238274468326,100.0,62.349228668212895,100.0,92.66837729348076,74.76418235085227,53.65072941755249,51.51104779180367,-1.1442543761217234,459483.1659251373,179471.4149408562,Likely ridge-soarable,Likely ridge-soarable
10,Ideal,True,77.82938788637293,Unnamed face near SU 644 779,SU 6438 7801,SSE,161.2899169921875,26.97553052553612,12.173622131347656,42.06627655029297,138.0127227572632,1016.7886578746838,831.5250787572586,753.2060474102036,65.4891066585003,50.34342462157669,19.9428886144,545.4843039997213,6.060495376586914,0,0,100.0,24.518085055881077,100.0,65.23976593017579,100.0,80.90913944774204,65.98166725852272,59.51425861528108,51.49738601885527,-1.0739526850709378,464381.0456222342,178011.40582014946,Likely ridge-soarable,Likely ridge-soarable
11,Ideal,True,77.78232685846774,Unnamed face near TQ 065 487,TQ 0618 4901,S,186.8632659912109,26.13585488468422,10.325202941894531,35.61100387573242,116.83400595565796,1952.2334090479417,2071.413220508897,2036.9824193060049,65.96585323955222,49.93080938701889,68.58009721493333,739.7205436011718,3.718670606613159,0,0,100.0,17.345559861924915,100.0,61.36660232543946,100.0,97.20516986317105,87.52133456143471,37.578376319484754,51.230411868099125,-0.4806463838399408,506180.4874428472,149010.1832193895,Likely ridge-soarable,Likely ridge-soarable
12,Ideal,True,77.58572452645028,Unnamed face near SU 964 154,SU 9630 1464,SSE,162.7259521484375,22.234675776976825,10.993766784667969,39.778839111328125,130.50800651000978,1571.510418338352,1515.3857633759617,1440.9259088368271,70.25055249354315,56.03482706286445,48.12166507662222,657.808992903505,5.173431873321533,0,0,100.0,21.976487901475693,100.0,63.867303466796876,100.0,86.64186398188274,68.59264026988636,52.30674819053574,50.92323652477476,-0.6311500647919581,496307.3975480124,114645.21703702428,Likely ridge-soarable,Likely ridge-soarable
13,Ideal,True,77.585475228286,Unnamed face near SU 927 154,SU 9355 1473,SSE,166.100830078125,20.805010498105176,13.63279628753662,50.7132568359375,166.3820815576172,824.0252988274442,842.6428688882152,805.8418882355909,72.99571603427172,59.10342717258262,19.249626670755557,557.503195341109,7.418359279632568,0,0,100.0,34.12584092881944,79.82600883182246,70.4279541015625,100.0,81.83230797449748,74.72878196022728,60.17669506988439,50.92450388174389,-0.6702832522941022,493554.445233558,114735.86584892216,Likely ridge-soarable,Likely ridge-soarable
14,Ideal,True,77.43233677377188,Unnamed face near SU 817 121,SU 8257 1162,SE,142.55398559570312,17.40054254556366,13.234940528869627,50.084251403808594,164.31841537567138,2056.5256340837223,2245.9664285923936,1111.5345053753117,77.78098457986312,65.1851241032407,50.43200453315556,1106.899231579533,7.060346603393555,0,0,100.0,33.42694600423177,100.0,70.05055084228516,100.0,74.40058390299478,31.916337446732957,57.4967396831642,50.89822038815118,-0.8271912762991873,482573.0605850968,111626.1750803118,Likely ridge-soarable,Likely ridge-soarable
15,Ideal,True,77.1727877656558,Unnamed face near SZ 574 873,SZ 5702 8736,S,177.741943359375,29.990140371549632,10.823230743408203,37.89396667480469,124.3240416253662,1969.5230995269376,2053.485854330356,1149.5404811431654,65.1835737275003,49.02252950292049,37.40252255306667,695.1696395988401,6.279495716094971,0,0,100.0,19.882185194227432,100.0,62.73638000488282,100.0,77.86835855907863,95.8944424715909,43.968900126036715,50.683129607517806,-1.194257963893233,457020.4178576541,87362.09301192775,Likely ridge-soarable,Likely ridge-soarable
16,Ideal,True,77.15645499924327,Unnamed face near SU 875 328,SU 8777 3323,SSE,158.435302734375,13.157531493301304,10.768610954284668,35.89933013916016,117.7799582937622,1309.3076342989807,1361.0490721318638,1327.4687732273014,64.23998910378643,49.39730318714247,27.711264943644444,1022.8744250684832,5.071537017822266,0,0,100.0,17.665922376844627,100.0,61.5395980834961,98.94892110098124,91.94402270846898,60.79145951704545,62.935191467896956,51.09172075814334,-0.7480851132239025,487770.6197445869,133235.0355909087,Likely ridge-soarable,Likely ridge-soarable
17,Ideal,True,77.11683663864571,Unnamed face near TQ 054 501,TQ 0548 4910,S,183.61697387695312,25.749745583832667,10.55876350402832,36.58674621582031,120.03526045471192,1629.5900163432816,1938.845966068155,1895.1714021848748,72.48804916913271,52.84543592078306,40.68631065102222,370.6460233982653,2.7527499198913574,0,0,100.0,18.429718017578125,100.0,48.72638496253641,100.0,100.0,93.42368386008523,47.444739972485124,51.2313817204872,-0.4905888129194499,505484.1086383013,149103.7282293663,Likely ridge-soarable,Likely ridge-soarable
18,Ideal,True,77.05151524027139,Pidham Hill,SU 7099 2417,S,170.98486328125,7.053616222143718,10.58358669281006,35.39399719238281,116.12204174865722,1549.260904900846,1701.1242973521585,1319.9175624448108,62.73147378569767,48.37261877057083,29.35876272657778,433.70261750342615,6.140355587005615,0,0,100.0,17.104441324869793,100.0,58.520167899334055,96.86267651213508,87.78750605053372,83.60884232954545,61.24726967793267,51.0125502045047,-0.9894151415029874,470990.9462524644,124171.29276121414,Likely ridge-soarable,Likely ridge-soarable
19,Ideal,True,77.04197495249554,Unnamed face near TQ 019 489,TQ 0219 4813,S,183.2779235839844,23.627519934946942,11.320493698120115,37.97068786621094,124.57575157897948,2232.2577428974328,1132.794399303908,1077.5537647535093,58.565904641718845,45.60015531718682,51.83453908888889,836.8175002026546,5.562072277069092,0,0,100.0,19.967430962456596,100.0,62.782412719726565,91.10178301514308,90.03638558917575,94.04013893821018,36.27349185651362,51.22331432051402,-0.5379143667310506,502197.8280725314,148139.7985421222,Likely ridge-soarable,Likely ridge-soarable
20,Ideal,True,76.99045587112575,Unnamed face near SU 854 289,SU 8587 2905,S,171.68682861328125,12.449445074277738,11.04096794128418,36.87293243408203,120.97419164703368,1532.4440806936473,1569.1986232117051,1534.143543162034,60.48210810001497,47.03897789090183,65.04334055555555,1250.2133708675246,5.401269912719727,0,0,100.0,18.74770270453559,100.0,62.12375946044922,93.75185162768027,90.66172811720105,84.88514293323863,43.48242850455905,51.0544215571285,-0.7760746731554734,485879.4405501987,129054.29572746468,Likely ridge-soarable,Likely ridge-soarable
21,Ideal,True,76.94268093355953,Unnamed face near SU 902 319,SU 9059 3185,SSW,206.96197509765625,14.98335975959806,11.48281955718994,38.48846435546875,126.27449339599607,1921.8158331980808,2006.0295651062625,1977.374248351378,69.29770043505283,56.42602466389716,30.836547423999995,665.1465512281866,4.974681854248047,0,0,100.0,20.542738172743054,100.0,63.09307861328125,100.0,92.32068167792427,50.97822709517046,52.32657786209849,51.078913186801294,-0.7081261893950103,490593.912160272,131859.13400157605,Likely ridge-soarable,Likely ridge-soarable
22,Ideal,True,76.94078554953288,Unnamed face near SU 643 202,SU 6464 2112,S,182.19911193847656,8.499484982945233,10.12990379333496,37.0018310546875,121.39708739746094,910.5319574169116,618.0355859571137,595.1200481365086,65.28640689531335,46.89172203268091,31.500990164444445,1080.056678028428,5.78611421585083,0,0,100.0,18.89092339409722,88.52973813037327,62.2010986328125,100.0,89.16511138280232,96.00161465731534,55.61859309588827,50.98591991828823,-1.0804632074098977,464640.7920175946,121126.29185973384,Likely ridge-soarable,Likely ridge-soarable
23,Ideal,True,76.91948593146817,Unnamed face near TQ 045 117,TQ 0411 1215,S,189.95411682128903,27.1595407182199,10.599199295043944,38.07437133789063,124.91592046020509,1782.782791718957,1805.5937413764768,1453.7687460763264,61.95889760038014,45.215015443098125,72.10884854008889,1385.9964589575247,4.957824230194092,0,0,100.0,20.082634819878482,100.0,62.844622802734385,95.7942200856321,86.68667011790805,81.90160577947448,42.74455957496987,50.899532510616666,-0.5207784263884024,504117.4612291154,112159.0555313052,Likely ridge-soarable,Likely ridge-soarable
24,Ideal,True,76.86671748973495,Unnamed face near SU 415 597,SU 4056 5933,SSW,199.8509826660156,22.30917465602707,10.776046752929688,37.75791931152344,123.87769199401856,1083.8402852082509,1094.9263093066984,709.1032994776615,61.654608367411136,47.14620250952431,27.439083580088887,801.9644347256981,5.879721641540527,0,0,100.0,19.731021457248264,100.0,62.654751586914074,95.37339455067497,84.50586451424493,63.907304243607996,66.51120828876401,51.33166139553517,-1.4191453940854306,440564.6639461613,159334.03187910595,Likely ridge-soarable,Likely ridge-soarable
25,Ideal,True,76.73986638868168,Unnamed face near SU 874 307,SU 8778 3088,S,186.1504669189453,13.345153981533247,11.244776725769045,36.48019790649414,119.68569249954224,2086.036113627546,2167.436935056816,1784.4226179282996,59.64667912349244,45.688805843383726,50.673765626666665,674.6329425381264,4.9668869972229,0,0,100.0,18.31133100721571,100.0,61.88811874389649,92.59647112823423,92.35099501079982,88.81733287464488,35.48671336758389,51.07054706486477,-0.748442692864541,487785.5927948511,130880.0311024856,Likely ridge-soarable,Likely ridge-soarable
26,Ideal,True,76.6302345719798,Unnamed face near SU 855 372,SU 8600 3693,SSW,207.58596801757807,12.111339686904278,11.918594360351562,38.99468612670898,127.9353260319519,1390.688858045265,1391.7447081204157,1333.148577861488,69.86132511556241,56.48005478513953,18.684450074666668,429.0187965347432,4.549273490905762,0,0,100.0,21.10520680745442,100.0,59.899944431815925,100.0,93.97504753536647,49.84369451349442,51.795448137557685,51.12525702777089,-0.7724641902591914,486001.1741025,136935.6507449863,Likely ridge-soarable,Likely ridge-soarable
27,Ideal,True,76.46967950999188,Unnamed face near SU 898 133,SU 8875 1371,SE,145.85842895507812,18.924461698867635,11.262304306030272,40.71084976196289,133.56578433303832,787.0073789157323,1271.1145192908589,1137.9637199500576,63.25153620627334,48.817221575163664,20.9515607264,669.6209089573531,4.670867919921875,0,0,100.0,23.012055291069878,100.0,64.42650985717773,97.58191177463334,93.50218031141493,37.92441628196023,46.985294301037435,50.91610591333431,-0.7387458300585109,488758.7290874456,113717.55658205882,Likely ridge-soarable,Likely ridge-soarable
28,Ideal,True,76.43462260221001,Unnamed face near SU 374 613,SU 3730 6154,SSW,203.10743713378903,24.726382485189543,11.296228408813477,38.93018341064453,127.723702940979,2156.049513874692,2248.5483561526635,1465.1759285510634,63.96606869698234,50.79126686135447,78.40104123875555,875.0639624402975,5.473423480987549,0,0,100.0,21.033537122938366,100.0,63.35811004638672,98.57009500646494,90.38113090727065,57.98647793856539,39.62858077018815,51.35175464038465,-1.465668095309336,437307.1858462057,161544.03539579493,Likely ridge-soarable,Likely ridge-soarable
29,Ideal,True,76.11769226588798,Unnamed face near SU 873 357,SU 8707 3636,SSW,203.90960693359372,12.739652061935155,10.958497047424316,35.42497253417969,116.22366688903809,2008.3816569831104,2095.794625729264,897.8083173598861,67.01561695555174,52.268994091544286,35.04255002435555,930.4017144258833,4.082208156585693,0,0,100.0,17.138858371310764,100.0,61.25498352050782,100.0,95.79141272438896,56.52798739346596,39.0615068000599,51.11999813264518,-0.7572688600505999,487074.40391462366,136368.68601997322,Likely ridge-soarable,Likely ridge-soarable
30,Ideal,True,76.11662403263479,Unnamed face near SU 813 274,SU 8142 2759,S,170.906494140625,10.17997473166768,11.37726593017578,37.67000198364258,123.58924930801392,2182.7392906120517,2247.3831534089986,2227.784608782502,59.59493853679669,48.28065488546725,45.796916018488886,696.7081022728817,6.294563293457031,0,0,100.0,19.633335537380642,100.0,62.602001190185554,92.52491499769755,87.18780941433377,83.46635298295455,32.7346686629801,51.04198575138166,-0.8398986535863481,481428.0226950715,127599.0215786661,Likely ridge-soarable,Likely ridge-soarable
31,Ideal,True,76.1066787229912,Unnamed face near TQ 008 385,TQ 0082 3870,SSE,165.7230224609375,21.386479726722897,10.870586395263672,35.66816711425781,117.0215493951416,1495.5684641624684,1433.022886835155,1383.737514879962,61.23316386209133,47.14813485123977,54.92780023235555,806.8456406769837,5.669987201690674,0,0,100.0,17.40907457139757,100.0,61.40090026855469,94.79054576672206,89.6167164378696,74.04185901988636,42.84726651089757,51.13873560184393,-0.5602397338519653,500823.0059496255,138703.61181088092,Likely ridge-soarable,Likely ridge-soarable
32,Ideal,True,76.08847606792182,Unnamed face near SU 724 189,SU 7261 1906,SSE,155.35888671875,10.371967911664044,10.767583847045898,39.784950256347656,130.52805619903563,1852.2298590234716,1932.7097474734185,1769.4854694912792,67.6569795896771,52.78112144340533,96.688426736,1748.777254126806,6.2951250076293945,0,0,100.0,21.98327806260851,100.0,63.87097015380861,100.0,82.63852251900568,55.19797585227273,43.73175581890072,50.966476042681975,-0.9673223162230076,472612.51112701057,119069.17931411558,Likely ridge-soarable,Likely ridge-soarable
33,Ideal,True,76.00824117557585,Unnamed face near SU 572 816,SU 5715 8168,SSE,153.451416015625,29.81183249059485,10.458089828491213,35.2408561706543,115.61961055892944,2567.977324522973,2657.4832837242866,2598.437071270484,64.30982228957157,48.06619369059099,60.87256142577777,720.4846331758308,3.037257671356201,0,0,100.0,16.93428463406033,100.0,61.14451370239258,99.04549891110962,99.85510905583699,51.72984730113637,36.3973652671291,51.53121473150423,-1.17740133745632,457157.68720216426,181687.90566246363,Likely ridge-soarable,Likely ridge-soarable
34,Ideal,True,76.00573894906678,Unnamed face near SU 835 282,SU 8341 2844,SSE,166.56591796875,11.1130499144597,11.60251235961914,36.828033447265625,120.82688525512695,2592.535195376142,2796.943916316668,2793.634918262833,62.98618840829637,52.095254518945865,47.87670184942222,665.9711317695765,6.195072650909424,0,0,100.0,18.69781494140625,100.0,62.096820068359385,97.21494141572902,87.57471746868558,75.57439630681819,32.5771598763912,51.04927332550586,-0.8113961468475529,483413.1252001515,128441.26519041542,Likely ridge-soarable,Likely ridge-soarable
35,Ideal,True,75.91241684727737,Unnamed face near SU 660 778,SU 6586 7793,SSW,193.96990966796875,26.896172892609425,10.90424919128418,35.30999755859375,115.84645239013672,2421.1377321924083,2331.313413627912,2092.634017645614,60.89719424847865,46.60096576731829,50.35515332462222,719.6589428434381,4.775218486785889,0,0,100.0,17.0111083984375,100.0,61.18599853515625,94.32590693938536,93.09637255138821,74.60016424005683,34.21229292316192,51.496534721418,-1.0525522076968137,465867.8204969945,177935.7336306605,Likely ridge-soarable,Likely ridge-soarable
36,Ideal,True,75.74688905295163,Unnamed face near SU 801 274,SU 7968 2708,SSE,147.18829345703125,9.370827539010044,12.187610626220703,38.89180374145508,127.59778538711548,1609.885322285758,1668.0289135811618,1617.0535333991866,73.55265968810083,61.465498825037386,19.597058176,514.3462125069345,5.820446491241455,0,0,100.0,20.9908930460612,100.0,63.33508224487305,100.0,89.03159697850545,40.34235174005681,43.554309489161994,51.0376021069922,-0.8648698662116805,479684.9153360744,127084.28272542478,Likely ridge-soarable,Likely ridge-soarable
37,Ideal,True,75.3273282999591,Unnamed face near SZ 538 881,SZ 5400 8714,S,186.1011199951172,30.551538911425045,10.714622497558594,36.90068054199219,121.06522874938965,1590.7683779085055,1714.381210497173,1667.4877288866555,58.96309097642266,42.8687816318973,34.209995265244444,419.4047789547476,5.454268932342529,0,0,100.0,18.778533935546875,100.0,57.041204817653245,89.63506589003309,81.72893815570407,88.90705455433239,47.45228709377463,50.68143176322338,-1.2369528232781783,454006.0890306417,87141.35659836716,Likely ridge-soarable,Likely ridge-soarable
38,Ideal,True,75.31864961560298,Unnamed face near SU 604 223,SU 6020 2201,SSE,165.603759765625,8.814252286122297,10.879606246948242,39.273902893066406,128.85139156768798,1797.3897712636972,1192.7822528521065,1135.0197968864231,55.41845223090497,43.653894630703306,80.56888574613333,1318.3749880495309,6.462158203125,0,0,100.0,21.415447658962673,100.0,63.56434173583985,85.47558038115778,83.28998486200969,73.82501775568183,40.077475885635266,50.9944062638746,-1.1434775503904036,460206.78330333513,122016.75684443666,Likely ridge-soarable,Likely ridge-soarable
39,Ideal,True,74.64372457869719,Unnamed face near SU 893 351,SU 8970 3527,SSE,158.70794677734375,14.33365572594388,11.786649703979492,39.22639465332031,128.69552463439942,1967.4845340589527,2085.829437178152,1899.4190020181704,56.36715048265597,36.020644719160074,64.51979169742222,2345.945006231268,5.399389743804932,0,0,100.0,21.362660725911457,100.0,63.535836791992196,79.56696807004366,90.66903988520303,61.28717595880681,36.419807150932584,51.10980095717738,-0.7199942999129924,489702.8539145569,135279.4311376883,Likely ridge-soarable,Likely ridge-soarable
40,Ideal,True,74.5819435664933,Unnamed face near SU 701 208,SU 7111 2082,SSW,209.2595672607422,9.03213714854397,14.08892059326172,55.409210205078125,181.7887532092285,935.2483013118036,1051.7287304073689,1035.389110214659,85.85277968428278,78.04564172958133,14.414404800533337,340.1232369649806,8.227707862854004,0,0,100.0,39.34356689453125,100.0,54.93273228387699,100.0,49.19836627112495,46.80078679865057,63.61245445374046,50.98246976646092,-0.9882650357985364,471117.5212441119,120827.35221792418,Likely ridge-soarable,Likely ridge-soarable
41,Ideal,True,74.52684738445653,Henwood Down,SU 6472 2227,SE,136.89215087890625,7.786557025164901,11.50886344909668,41.87400436401367,137.38190847763062,1121.4654748223256,392.9892899429542,1061.6139994537807,58.8447807776994,42.19414694627931,22.81520253333333,662.156557197799,6.166597366333008,0,0,100.0,24.304449293348522,100.0,65.12440261840821,88.83327745658225,82.70119865735373,21.622092507102273,57.55934721888604,50.996236210697255,-1.0791249063479669,464720.4042842715,122274.67578057936,Marginal — inspect carefully,Marginal terrain candidate
42,Ideal,True,74.50279612231297,Unnamed face near SU 904 300,SU 9122 3047,SW,221.73133850097656,15.494187831646228,10.51095962524414,36.11851501464844,118.49906880065916,1805.598645373364,1470.9792205600534,1431.4324826690718,63.04550831102534,47.3448297329266,31.27844187306666,535.1304815612384,4.623993873596191,0,0,100.0,17.909461127387154,100.0,61.671109008789074,97.29697957907759,93.68446826934813,24.12483908913352,45.22647725174559,51.066391463977936,-0.6994526857992442,491226.0680486754,130477.38140591251,Likely ridge-soarable,Likely ridge-soarable
43,Ideal,True,74.36219495919693,Unnamed face near TQ 090 438,TQ 0946 4321,SSW,205.70269775390625,27.13569483271054,10.505145072937012,35.21958923339844,115.54983714050292,1890.362874549872,1939.2381429633824,1771.160029901017,60.44598843835391,45.29776044598844,46.05788991413333,1788.741867793549,5.911327838897705,0,0,100.0,16.910654703776043,100.0,61.13175354003907,93.70189890410646,88.67816951539783,53.267822265625,35.08871534785945,51.17766919694718,-0.4353450728880348,509468.1786154895,143211.46008787796,Likely ridge-soarable,Likely ridge-soarable
44,Ideal,True,74.08459182059993,Unnamed face near SU 862 172,SU 8594 1733,SE,144.66619873046875,16.115826341577183,11.337274551391602,41.27216720581055,135.40737705551146,1203.689327449887,981.106335878314,920.740476020379,58.85157957480628,48.2548513146566,17.49645847608889,967.8712747595856,6.3801045417785645,0,0,100.0,23.635741339789497,100.0,64.76330032348633,91.49686536941294,69.07438490125868,35.75672496448864,59.595485916339086,50.949076972308895,-0.7778554814299361,485948.8108081234,117337.71272315076,Likely ridge-soarable,Likely ridge-soarable
45,Ideal,True,73.82436169302629,Unnamed face near SU 822 108,SU 8216 1090,SSE,160.82568359375,17.628130290871326,10.630931854248049,37.03631210327149,121.5102142008972,2284.561594076804,2456.755158451386,1146.5739231983898,53.43650652766795,40.0705214065551,112.65746744248888,2018.908006050449,6.268271446228027,0,0,100.0,18.929235670301658,100.0,62.2217872619629,79.34491426844426,87.29005548689099,65.1376065340909,34.626619018970814,50.89182130042932,-0.8332090710922022,482161.12041981984,110907.89008141198,Likely ridge-soarable,Likely ridge-soarable
46,Ideal,True,73.680983917028,Unnamed face near SU 702 187,SU 7115 1897,SSE,162.62615966796875,10.13851042069843,11.974220275878906,42.48194122314453,139.3764520425415,745.8568267691298,772.8226082986803,731.0503582715755,68.53804739967808,56.69367819281789,31.249622669866664,1078.2993935259,6.453134059906006,0,0,100.0,24.979934692382812,70.87469337162567,65.48916473388672,100.0,79.53442480829027,68.41119939630683,62.108250933986675,50.96583466414079,-0.9880730940183272,471156.3717235869,118977.66429301848,Likely ridge-soarable,Likely ridge-soarable
47,Ideal,True,73.44962300888561,Unnamed face near SU 821 134,SU 8300 1307,SE,135.0,16.827508735367683,10.172626495361328,37.30887985229492,122.40446537460328,1618.399574428855,1686.3044516776572,1621.2289443142363,60.52848446181248,45.65754844883962,42.49551618524444,1403.367463141185,5.1256937980651855,0,0,100.0,19.232088724772137,100.0,62.38532791137696,93.81598914931514,86.60363700654771,18.181818181818176,45.11913977572104,50.91121585608527,-0.8207019745415806,483006.31946260674,113078.54474142702,Likely ridge-soarable,Likely ridge-soarable
48,Ideal,True,73.18848500739949,Unnamed face near TQ 023 093,TQ 0217 0841,SSE,160.58935546875,27.446618328197708,11.436301231384276,43.819427490234375,143.76453048706054,949.6867782860644,883.0863422826515,860.836855199188,57.0940131181095,36.49927896915849,16.327679679644444,541.5396280251589,12.37224292755127,0,0,100.0,26.46603054470486,93.54958695975184,66.29165649414062,81.02496575809032,63.084057569503784,64.7079190340909,51.92191246291872,50.86624429910326,-0.5494252110249768,502175.7750460924,108417.5183116678,Likely ridge-soarable,Likely ridge-soarable
49,Ideal,True,72.92338661466547,Unnamed face near SU 744 183,SU 7508 1871,SE,137.25958251953125,11.207438515064084,10.293014526367188,38.991661071777344,127.92540131072998,1072.661776812165,1080.6238656587666,1024.303569790267,51.155083021592176,37.37284242304916,29.181044306844445,1031.045613504626,5.711743354797363,0,0,100.0,21.10184563530816,100.0,63.39499664306641,73.63789560255609,84.5374011993408,22.29015003551137,66.3364618188807,50.96299989494992,-0.9322045942561742,475084.0649016252,118717.7294436284,Likely ridge-soarable,Likely ridge-soarable
50,Ideal,True,72.76179844087608,Unnamed face near SU 722 175,SU 7206 1866,S,184.81304931640625,10.49455019703741,11.001115798950195,41.21613311767578,135.2235381777954,664.4819010410574,728.1943860750762,702.6339363101288,72.87698303782182,57.29812812208377,19.33448321351111,624.6478623150033,6.774745941162109,0,0,100.0,23.57348124186198,65.15312641988156,64.72967987060547,100.0,76.23456623819138,91.24900124289773,51.14897250119389,50.96288091262169,-0.9752111325314518,472064.1127759529,118661.66647516465,Likely ridge-soarable,Likely ridge-soarable
51,Ideal,True,72.15726354981597,Unnamed face near SU 968 124,SU 9660 1353,SSE,159.332763671875,22.78235957241512,11.510493278503418,42.55856323242188,139.62783659545897,811.9565165555687,436.0663089117734,396.23004678764846,68.20715698615356,55.29581010609603,12.352230704888887,438.3315684177651,6.425343036651611,0,0,100.0,25.065070258246536,75.89186109686777,63.59039934241398,100.0,66.79698599709405,62.42320667613637,53.486100233409886,50.91316851604721,-0.6271480116219755,496609.49779579823,113530.88930890344,Likely ridge-soarable,Likely ridge-soarable
52,Ideal,True,72.01250522093542,Unnamed face near SU 780 202,SU 7795 2018,SSE,161.946044921875,11.412304850134417,10.78089714050293,35.896514892578125,117.770721920166,867.2366410915856,827.9532978258212,793.7984835874522,58.35854117915644,46.19599337937332,19.81640433368889,625.0657145986916,7.965553283691406,0,0,100.0,17.662794325086807,82.9790565502033,61.53790893554688,90.81500375840784,80.68951500786675,67.17462713068181,43.527160322966374,50.975831464176046,-0.8910270599819522,477954.29954530543,120187.2884595537,Likely ridge-soarable,Likely ridge-soarable
53,Ideal,True,71.92512351221013,Unnamed face near SU 612 236,SU 6046 2322,SSE,149.67684936523438,8.076424467579013,10.92255401611328,38.315216064453125,125.7060934729004,1047.7059504945064,1093.4541731645586,901.0782272524666,55.42287467134093,41.61919368974584,15.650428404444444,351.18558679278067,5.06872034072876,0,0,100.0,20.350240071614582,100.0,46.52006077080199,83.55697941587512,86.8917383088006,44.86699884588068,52.12713342172063,51.00520637149161,-1.1395685504133055,460467.0976213522,123220.97003936127,Likely ridge-soarable,Likely ridge-soarable
54,Ideal,True,71.53928429321546,Unnamed face near SU 621 066,SU 6253 0671,S,179.7042236328125,17.549710016957746,9.95311450958252,35.818965911865234,117.51629612228392,2196.310199781612,2104.507981725445,1896.4414264174995,40.20554387517981,29.14269115857032,54.21052228604444,515.1468948112306,7.281325340270996,0,0,98.82786273956299,17.576628790961372,100.0,61.49137954711914,50.709637708830144,81.44483142428926,99.46222478693181,34.49904683864477,50.85657198293863,-1.1129394794479026,462534.0795099427,106714.52096265995,Likely ridge-soarable,Likely ridge-soarable
55,Ideal,True,71.23182389267787,Unnamed face near TQ 012 110,TQ 0107 1113,SSE,154.42694091796875,25.908456713461728,9.72065258026123,37.63163757324219,123.4633818157959,1612.5643952302637,1536.1252343870583,1391.4183191240882,54.608230966756885,38.29203969741134,33.17890821742222,661.339540383633,7.990421295166016,0,0,93.01631450653076,19.590708414713543,100.0,62.578982543945315,79.28303667469348,74.57097742292615,53.50352894176136,44.85058981445718,50.89089125545475,-0.564349802073036,501072.2730885261,111137.68286917574,Likely ridge-soarable,Likely ridge-soarable
56,Ideal,True,70.86636733784987,Henwood Down,SU 6643 2268,SE,139.831787109375,7.4394687206675805,10.947673797607422,39.86463165283203,130.78947811187743,924.6090203162748,808.6716094285948,745.2167585762218,55.5619896925126,36.0318103731156,17.04815975964444,542.0021353724005,5.754170894622803,0,0,100.0,22.071812947591145,90.3344897841378,63.91877899169922,78.46400993344909,76.23880664507547,26.96688565340909,51.97958277625473,50.99974502498434,-1.0546152984055153,466435.3736787904,122686.63313025676,Likely ridge-soarable,Likely ridge-soarable
57,Ideal,True,70.64448014375199,Unnamed face near TQ 008 123,TQ 0064 1239,SE,139.27557373046875,25.25125530437981,10.715540885925291,42.76696014404297,140.31155351898192,841.6211790083325,776.9377164122416,700.2830706710811,62.478667208451846,50.0284437220642,15.751295615644445,537.5112218239519,6.1173996925354,0,0,100.0,25.296622382269966,79.69502294978622,65.66017608642578,96.51305039466745,66.03652609719171,25.955588600852273,49.8793970350236,50.90228210646043,-0.5701211945029256,500641.8313625241,112396.44656313176,Likely ridge-soarable,Likely ridge-soarable
58,Ideal,True,70.54956138321734,Unnamed face near SU 298 560,SU 3053 5688,SE,143.18670654296875,26.346828728292863,12.991908073425291,42.84811401367188,140.57780638061524,698.3294808963547,755.1262496039853,712.6955343597219,67.4718196457327,53.1861053600184,8.964373262044443,586.7337123963807,7.547318935394287,0,0,100.0,25.38679334852431,68.60592943640837,65.70886840820313,100.0,71.85162358813815,33.066739169034086,55.116467739629,51.31026675205777,-1.563302448613359,430535.448893846,156885.08352649468,Likely ridge-soarable,Likely ridge-soarable
59,Ideal,True,70.48732060670817,Unnamed face near SU 806 171,SU 8119 1799,S,170.66650390625,13.746583992898987,10.245550155639648,35.24660110473633,115.63845876846314,926.902737171331,889.0453513393295,835.7698549226625,42.14571371120892,23.645523805268216,31.76836832746666,1205.743331820966,5.465050220489502,0,0,100.0,16.940667894151478,90.62855604760654,61.147960662841804,48.1928281398066,85.7636324564616,83.03000710227273,52.65193002555469,50.95564730507816,-0.8453974115358062,481192.8718914651,117991.92956557288,Likely ridge-soarable,Likely ridge-soarable
60,Ideal,True,70.43811034365311,Unnamed face near SU 640 219,SU 6433 2168,SW,218.07354736328125,8.186059914700412,9.780384063720703,35.60528564453125,116.8152453540039,2136.416702206072,1611.373116540606,822.5638853192795,51.52537158004355,36.76275679257787,56.56248948053332,973.9524403719696,5.047961235046387,0,0,94.50960159301758,17.33920627170139,100.0,61.363171386718754,73.57288877159019,91.54662158754137,30.77536843039773,33.60227837707057,50.99099712110963,-1.0847237007840715,464334.7368974284,121687.17687085232,Likely ridge-soarable,Likely ridge-soarable
61,Ideal,True,70.20650402106125,Unnamed face near SU 697 402,SU 6985 3990,SSW,201.17955017089844,3.819454938805,10.240344047546388,36.30707550048828,119.11770558502197,1085.9808293128735,985.3272569915862,915.1388158691698,40.49229426582304,26.20147965963861,22.95289428195555,1138.312058876094,7.1634674072265625,0,0,100.0,18.118972778320312,100.0,61.78424530029297,48.32398030443355,77.92555199729073,61.49172696200284,50.42963461993365,51.15410915756193,-1.0026192618597818,469851.4947831288,139900.75626835716,Likely ridge-soarable,Likely ridge-soarable
62,Ideal,True,69.93142646732467,Unnamed face near TQ 126 471,TQ 1364 4780,SSW,200.79112243652344,30.324378737980247,10.883424758911133,37.22650909423828,122.13422009674072,683.0642249056255,769.6221163646551,745.6169168087654,69.61398261519768,56.659500887933454,9.143692748622222,357.91006846458185,5.193558692932129,0,0,100.0,19.14056566026476,70.46437389290449,46.98758353397328,100.0,91.4694939719306,62.19795920632103,43.71401293488371,51.21817189839782,-0.3742265939622399,513640.6042770467,147808.0852781871,Likely ridge-soarable,Likely ridge-soarable
63,Ideal,True,69.84982539863441,Unnamed face near TQ 012 454,TQ 0128 4566,S,187.5128936767578,22.58401293889487,10.09160041809082,35.07807540893555,115.0855529246521,615.0144684973639,557.9071817059303,509.2570341077517,65.07427330602576,48.06790702265212,24.05282720408889,637.6836376813008,4.195067405700684,0,0,100.0,16.753417121039497,50.642880576585114,61.04684524536134,100.0,91.64604134029813,86.3401933149858,42.03480314814789,51.201265945163705,-0.5517393431774708,501280.7468247589,145668.8272372659,Likely ridge-soarable,Likely ridge-soarable
64,Ideal,True,69.61331229493994,Unnamed face near SU 894 110,SU 8856 1055,SSW,207.2666015625,20.24302721752571,10.583379745483398,38.12532806396485,125.08310132537842,1144.4322686468367,881.9723942013807,810.6188317822525,34.04054242620289,19.63567632022935,34.65028864746667,827.4822224359959,5.144942760467529,0,0,100.0,20.13925340440539,100.0,62.87519683837892,33.19044973076207,86.77908725208705,50.42436079545455,52.85946040929309,50.88770876920199,-0.7423101161459985,488561.9690039465,110555.52771318056,Likely ridge-soarable,Likely ridge-soarable
65,Ideal,True,68.87275158042306,Unnamed face near SU 892 374,SU 8883 3684,SE,135.3367919921875,13.85487268520416,10.584442138671877,35.056846618652344,115.01590466033936,867.8052156775375,747.3585068575339,693.7510907938704,52.24124308664735,36.4287595470108,17.128213101866663,742.7603178393329,4.4892988204956055,0,0,100.0,16.72982957628038,83.05195072788942,61.03410797119141,74.2469804935133,94.2082823647393,18.79416725852273,39.302673807349095,51.12398390892654,-0.7320259941271624,488833.4395105863,136842.04958624355,Likely ridge-soarable,Likely ridge-soarable
66,Ideal,True,68.41835294443551,Unnamed face near SU 589 822,SU 5801 8271,SSE,158.2462158203125,30.33794310180797,10.663393020629885,36.94677734375,121.21646498046874,747.5276549229748,783.9768297226401,734.9313753001625,55.53807210781966,45.00239447218991,13.240822803555554,342.245303910051,4.403310775756836,0,0,100.0,18.829752604166668,72.30472175931283,44.208950391258504,86.91435504272931,94.54268031650119,60.447665127840914,38.975048778194086,51.54034028495828,-1.1649227728634808,458011.69268853584,182712.60179623516,Likely ridge-soarable,Likely ridge-soarable
67,Ideal,True,68.04432012037044,Unnamed face near SU 753 192,SU 7467 1850,SSW,204.40283203125,11.2104487905219,12.341989517211914,42.7833251953125,140.36524463378908,422.6538711870671,536.964023937704,499.8849129385199,70.85375290172814,57.75083827701831,11.361170328177776,491.5150773283676,7.709550857543945,0,0,100.0,25.314805772569443,40.63641332534667,65.66999511718751,100.0,81.68507999844022,55.631214488636374,47.02138527658093,50.96112273068717,-0.9380518504326046,474676.4463196919,118503.057350101,Likely ridge-soarable,Likely ridge-soarable
68,Ideal,True,67.33790323271339,Henwood Down,SU 6751 2050,SSE,159.5379638671875,8.813348646911168,10.33158016204834,38.40914916992188,126.01427296264649,610.2832320887246,443.36995329055935,406.8325399355381,57.57906587970387,44.04148613148647,33.43828104622222,1572.3381530164916,5.937643051147461,0,0,100.0,20.454610188802093,50.036311806246744,63.045489501953135,88.83030369579244,81.53458330366345,62.79629794034092,42.62275822400917,50.979964919849245,-1.039633737783435,467515.2732778671,120500.59825582433,Likely ridge-soarable,Likely ridge-soarable
69,Ideal,True,67.00510919620444,Unnamed face near SU 953 123,SU 9541 1346,SW,222.4400177001953,22.204248654664884,11.511333465576172,41.59986114501953,136.48248843902587,680.9786531708669,751.9413590200711,728.8234905124991,71.42469961152769,57.7197578823742,10.935286547555554,279.0235224170028,4.115866184234619,0,0,100.0,23.999845716688366,68.19761013077836,36.463837089845526,100.0,90.12626250584918,22.83633145419034,51.02944864626302,50.912800406549614,-0.6441163095097027,495417.404081651,113467.90857616677,Likely ridge-soarable,Likely ridge-soarable
70,Ideal,True,66.3591933289872,Unnamed face near TQ 045 471,TQ 0408 4818,SSW,204.22622680664065,24.734691832668272,11.30080223083496,38.08973693847656,124.96633253723144,758.4294817289338,835.422466053511,773.0252639094833,71.53180773020914,60.44016204970984,7.371311751822222,253.5865494137397,10.23972511291504,0,0,100.0,20.099707709418404,78.90031616070654,30.118267065375893,100.0,71.84551344977483,55.952314897017,49.16691266492894,51.22337487546668,-0.5109399907034805,504081.29359333945,148184.35141369308,Likely ridge-soarable,Likely ridge-soarable
71,Ideal,True,64.90853775015076,Unnamed face near SU 614 806,SU 6177 7947,SSW,199.51983642578125,28.009782116200043,12.55153751373291,46.50390625,152.57187578125,533.1992333299713,686.4880212540156,599.3680601242231,64.99518184089368,49.27013812056105,5.954367594488889,296.58505852060625,6.533323764801025,0,0,100.0,29.44878472222222,59.80615657102765,42.33318683676771,99.99333658846999,60.613105826907685,64.50938831676136,46.9074175441758,51.510798722522885,-1.1112602069823938,461773.1718294229,179470.99201132267,Likely ridge-soarable,Likely ridge-soarable
72,Ideal,True,64.5898426323714,Unnamed face near SU 738 290,SU 7360 2786,SE,135.7713623046875,6.041330938105485,13.441389083862305,49.23323059082031,161.5263522515869,473.6427459466504,528.9299543517991,509.0118897113134,86.1794500723589,76.88856729377713,8.061371561777777,276.5675021521747,5.93773078918457,0,0,100.0,32.48136732313368,39.606404404076805,40.63452204652131,100.0,88.57549137539334,19.584295099431813,56.894693476014034,51.04546817762966,-0.9514262180009492,473603.8066331236,127869.1103122121,Likely ridge-soarable,Likely ridge-soarable
73,Ideal,True,62.796653222999964,Unnamed face near SU 998 088,TQ 0088 0888,SE,137.63250732421875,26.6295497976906,10.429365158081056,37.20885848999024,122.07631128829956,482.3363040255499,459.7252309995238,429.024861897924,58.40034965034965,46.1013986013986,14.065372228444444,791.6803187090263,6.744718551635742,0,0,100.0,19.120953877766937,33.63285949045511,62.32531509399415,90.87282398452611,84.12021001180013,22.96819513494318,37.741415945755,50.87066839306157,-0.5676508437034048,500883.7209040955,108884.4381747556,Likely ridge-soarable,Likely ridge-soarable
74,Ideal,True,61.72998789363915,Unnamed face near TQ 097 502,TQ 0927 4910,SW,218.48963928222656,27.967452764194164,17.02004051208496,56.72431945800781,186.10341625061037,306.47222911193967,839.9875057506142,800.6317654470913,78.96707553260168,65.06132989025177,1.2376246707555554,103.158122408262,4.00468111038208,0,0,100.0,40.804799397786454,79.48557766033517,19.034591674804688,100.0,68.79489501317342,30.018837668678977,45.621585825327685,51.23069026212437,-0.4363773721855776,509270.60722918896,149105.97840211255,Likely ridge-soarable,Likely ridge-soarable
75,Ideal,True,61.31049212992317,Unnamed face near SU 907 248,SU 9167 2429,SSE,155.49224853515625,16.835560009185524,10.65099811553955,35.29539489746094,115.79854339538574,497.8844679557951,542.7515908161295,419.2306054969085,39.82270545597022,28.97443432265648,8.496861743466667,512.8784798735142,5.837360858917236,0,0,100.0,16.994883219401043,41.378409078990956,61.17723693847657,50.02101844875118,88.96581888198851,55.44045188210227,34.144128344275735,51.01074590024759,-0.6945678412301164,491677.9593901538,124295.55099554129,Likely ridge-soarable,Likely ridge-soarable
76,Ideal,True,60.351862883930515,Unnamed face near TQ 077 094,TQ 0680 0965,SE,135.0,29.39972538777537,9.864304542541504,35.470726013183594,116.37377673309328,551.7271276462707,526.2627986779553,480.9928805120872,49.50489178772606,31.58019567150904,11.774245574044444,483.8222503974685,5.321897506713867,0,0,96.6076135635376,17.189695570203995,42.529118929009066,61.28243560791016,65.8761855256547,86.16749564806621,18.181818181818176,35.333872573830256,50.87649312495603,-0.4832449703500913,506809.3711684864,109650.69746559249,Likely ridge-soarable,Likely ridge-soarable
77,Ideal,True,58.91410569703366,Unnamed face near SU 761 315,SU 7495 3176,SE,143.68121337890625,5.4669127397383805,13.976234436035156,46.66776657104492,153.10947527694702,331.25600293499883,486.83894571563,473.2812255909084,87.20591094691814,77.83394905697064,3.829751891911111,274.148967818619,9.082260131835938,0,0,100.0,29.63085174560547,34.2101212455936,38.69215457906345,100.0,76.34676615397136,33.96584250710227,43.59832938753878,51.08030024776481,-0.9313959288042266,474951.75584962335,131762.75395081964,Likely ridge-soarable,Likely ridge-soarable
78,Ideal,True,58.66800411391664,Unnamed face near SU 983 128,SU 9866 1378,SE,137.0028076171875,23.75167721514663,11.639368057250977,42.949851989746094,140.91159240203856,621.6076266426826,586.6871110695647,532.4675139131141,74.26564495530013,61.004682843763305,6.634821003377777,249.383926348004,6.07114839553833,0,0,100.0,25.499835544162323,51.488157261882385,32.33389891851499,100.0,53.056645128462044,21.823286576704547,36.96038736562813,50.91507995917429,-0.5978593029362766,498664.4080347201,113782.1400400411,Likely ridge-soarable,Likely ridge-soarable
79,Ideal,True,58.23688594621787,Unnamed face near TQ 080 121,TQ 0858 1264,SE,135.24832153320312,29.434979377298344,11.742582321166992,43.02133560180664,141.1461186958313,557.8588848964428,532.382531810319,487.1866114810691,76.7014694508894,63.59242072699149,7.384120286577777,244.8408024754608,5.604497909545898,0,0,100.0,25.579261779785156,43.315241653390096,31.61960177366079,100.0,54.87139701843261,18.63331187855114,43.617579008750276,50.903046277369285,-0.4570929902400027,508587.5347851104,112641.4342342245,Likely ridge-soarable,Likely ridge-soarable
80,Ideal,True,57.730715246206344,Unnamed face near SU 698 249,SU 7000 2377,SSE,153.83648681640625,7.079824819457867,13.119088172912598,47.49732208251953,155.83111418121337,524.7852686637198,540.4133827458136,518.9279609004152,76.82235684971663,67.55911666992378,5.899931321777777,192.240133196392,8.755138397216797,0,0,100.0,30.55258009168837,41.078638813565846,25.53841544891039,100.0,45.09829733106825,52.42997602982955,50.47981228712758,51.00907754244545,-1.003503454214462,470007.8636950036,123771.66705060154,Likely ridge-soarable,Likely ridge-soarable
81,Ideal,True,53.55532718646738,Unnamed face near SU 725 305,SU 7363 2996,SE,136.76437377929688,5.232559942041374,14.586050033569336,54.53585052490234,178.9233998361206,413.7165717956959,385.43628607242135,362.812057493953,79.99470759460175,68.61603598835671,4.076316185955555,183.52651337670977,8.345075607299805,0,0,100.0,38.37316724989149,24.83545792252512,28.309262544393032,100.0,44.213594860500756,21.3897705078125,42.788546265025154,51.06430310811456,-0.9505481899774344,473635.5237623456,129964.50977898506,Marginal — inspect carefully,Marginal terrain candidate
82,Strong near-match,False,76.27768431356341,Unnamed face near SU 996 383,SU 9936 3853,S,179.0447998046875,20.473924512025597,10.569032669067385,34.43464660644531,112.97456597229004,1720.8027011282977,1795.0164511523908,1766.2772603117628,59.66445619289185,46.23659199951105,62.94914512302221,929.9769050198228,5.974827289581299,0,0,100.0,16.038496229383682,100.0,60.66078796386719,92.6210564369781,88.43122720718384,98.2632723721591,35.08799403103244,51.13749210224229,-0.5811353385434299,499363.8665839927,138536.93590657518,Likely ridge-soarable,Likely ridge-soarable
83,Strong near-match,False,76.22530322427214,Unnamed face near SU 587 798,SU 5892 7982,S,169.771240234375,28.472575649683744,10.32944679260254,34.71746063232422,113.9024335409546,1821.9323759758263,1889.3183158073225,1537.645243169973,60.78853601859024,45.69016266460108,70.55901583466667,1340.3046631377947,4.774447917938232,0,0,100.0,16.352734035915798,100.0,60.83047637939454,94.17563491932694,92.60496894518535,81.4022549715909,37.99297053889616,51.51428569890637,-1.1522235465730024,458925.9655616296,179825.082371677,Likely ridge-soarable,Likely ridge-soarable
84,Strong near-match,False,75.05640970422584,Unnamed face near SU 316 563,SU 3163 5648,S,169.43658447265625,25.63529385295497,10.14384651184082,34.243743896484375,112.3482447253418,2247.029882343253,2227.893927226658,2132.0223405394354,58.65620678951378,44.67787905296724,78.3273921639111,1278.347128217225,6.144477844238281,0,0,100.0,15.82638210720486,100.0,60.54624633789063,90.92195996027127,87.77147505018445,80.7937899502841,33.829648778034844,51.30657112917816,-1.5476074557744883,431631.9552793426,156480.70652774113,Likely ridge-soarable,Likely ridge-soarable
85,Strong near-match,False,74.97816945980269,Unnamed face near SU 675 772,SU 6717 7790,SSW,203.65850830078125,26.876183767020507,10.415987968444824,34.05335998535156,111.72362557434082,1304.5515534887672,1338.2706962999073,1254.6731920809252,60.39813833463896,43.35284088290862,19.340887480888888,664.5191852030111,4.888437271118164,0,0,100.0,15.614844428168404,100.0,60.43201599121094,92.07759973961551,89.08134831322563,56.984530362215914,52.12038147001722,51.49612470307296,-1.0337070922162863,467176.6101044383,177907.22815336726,Likely ridge-soarable,Likely ridge-soarable
86,Strong near-match,False,74.87292762112956,Unnamed face near SU 983 385,SU 9846 3857,S,186.74513244628903,19.922580089882548,10.295552253723145,33.28275680541992,109.1953998374939,2599.6540545646567,2795.003982463444,2793.594076544745,57.94334975369458,43.81796635375035,70.70631398435555,851.9676518909109,5.881463527679443,0,0,100.0,14.758618672688803,100.0,59.96965408325195,89.12266291521264,88.79430850346883,87.73612282492903,29.703668492476915,51.1379570779085,-0.5939559799515869,498465.9521022746,138571.42546119564,Likely ridge-soarable,Likely ridge-soarable
87,Strong near-match,False,73.86584933295276,Unnamed face near SU 956 447,SU 9561 4486,S,175.7891845703125,19.08477898548857,10.022433280944824,31.68666076660156,103.95886410949709,1036.4375339076505,971.4138019671082,908.9115820056176,55.9521399815577,43.09650720824056,10.571844373866666,775.8070266322175,8.408769607543945,0,0,100.0,12.985178629557288,100.0,59.01199645996093,85.68640081265208,78.96589597066243,92.34397194602273,39.6768958778486,51.19501506396215,-0.6330699714713391,495611.6589710093,144864.912797256,Likely ridge-soarable,Likely ridge-soarable
88,Strong near-match,False,73.459699521464,Unnamed face near SU 969 384,SU 9727 3854,S,177.182373046875,19.18592860147188,9.940295219421388,31.8260498046875,104.41617724121092,2303.626622511016,1603.703560773865,1591.320685839164,53.395213363279055,39.42483155530601,42.43307457831111,616.7119749687117,5.587289333343506,0,0,98.50738048553471,13.140055338541668,100.0,59.0956298828125,78.67701900354486,89.9383192592197,94.8770419034091,26.34969439414035,51.13795895574682,-0.6109937431155269,497274.0040819884,138548.99615947276,Likely ridge-soarable,Likely ridge-soarable
89,Strong near-match,False,73.3755990240947,Unnamed face near SU 784 809,SU 7858 8024,SW,219.84112548828125,29.28539350058452,10.524309158325195,34.51361846923828,113.23366001861572,950.141765551234,1023.9356068868364,484.7578756318253,59.93527020924281,45.02483817552311,11.3691756624,619.4163125037448,5.781807899475098,0,0,100.0,16.12624274359809,100.0,60.70817108154297,92.99558645959112,89.18185816870793,27.561590021306813,45.092259728565494,51.51571127487514,-0.8688540006822026,478586.7375818677,180249.3810908433,Likely ridge-soarable,Likely ridge-soarable
90,Strong near-match,False,73.2327277276295,Unnamed face near SZ 594 869,SZ 5925 8678,S,177.09564208984375,30.09761374892466,9.835994720458984,32.81110000610352,107.64796934402466,2573.6341537752887,2631.288220276474,2571.083905672829,53.64584602636902,37.05919625667146,81.25094022186666,928.5568465222096,5.598724365234375,0,0,95.89986801147461,14.234555562337247,100.0,59.68666000366212,76.78587552365845,89.8938496907552,94.71934925426136,31.21263612560467,50.67773249464284,-1.162702629458558,459256.4940349365,86786.66433324746,Likely ridge-soarable,Likely ridge-soarable
91,Strong near-match,False,72.93106932135522,Unnamed face near SU 625 814,SU 6250 8149,SW,213.84371948242188,29.215764338067096,10.002487182617188,33.70050048828125,110.56595002197264,1903.0550194186508,1803.0451166109412,1705.6118680522775,56.66041808679846,39.40297659622813,26.78264617386667,1201.062805643247,4.080326080322266,0,0,100.0,15.2227783203125,100.0,60.22030029296875,83.17205405379273,90.69128976927863,38.465964577414766,46.09949836370319,51.52890178037022,-1.1002967800786567,462509.2518251684,181493.5958562933,Likely ridge-soarable,Likely ridge-soarable
92,Strong near-match,False,72.84419928548101,Unnamed face near TQ 058 425,TQ 0607 4254,SSW,203.17274475097656,24.98875840221788,10.444343566894531,34.085750579833984,111.82989393234251,2598.1259119250462,2791.416513130185,1495.918552352523,52.85486152301866,40.57215859834832,96.62758619591108,928.40943287377,5.359203338623047,0,0,100.0,15.650833977593315,100.0,60.45145034790039,79.01503327035242,90.82532034979927,57.86773681640624,31.028688676429518,51.17228970975051,-0.4840163402641927,506078.488896878,142541.9905543689,Likely ridge-soarable,Likely ridge-soarable
93,Strong near-match,False,72.78798641064873,Unnamed face near TQ 051 437,TQ 0520 4287,SSW,208.4755706787109,24.501569600940456,10.160947799682615,33.50872802734375,109.93677526123048,1627.3146752563189,1720.0744743514806,1189.1429637353867,53.94998259017267,40.43790836286177,40.87683760551111,582.2802878796938,4.932766914367676,0,0,100.0,15.009697808159721,100.0,60.10523681640625,80.40256893977738,92.48368422190347,48.226235129616526,36.4161828862984,51.17547244786996,-0.4963584842389112,505208.4589953982,142878.20536956345,Likely ridge-soarable,Likely ridge-soarable
94,Strong near-match,False,72.54917556840498,Unnamed face near SU 505 291,SU 5062 2914,SSW,203.7075653076172,10.526982007095038,10.643417358398438,33.740272521972656,110.69643570098876,1794.9529571277671,1698.0890131975175,1543.0525631835335,53.04334805719847,39.4699408549824,19.65949978293333,531.304381094058,5.9761481285095215,0,0,100.0,15.266969468858507,100.0,60.2441635131836,78.23306773088461,88.42609061135185,56.89533580433239,34.236459933167815,51.059448923455605,-1.2790355138551537,450622.7633995281,129148.13334784016,Likely ridge-soarable,Likely ridge-soarable
95,Strong near-match,False,72.53699554676881,Holybourne slopes,SU 7239 4231,S,191.0141143798828,5.951566851130858,9.974899291992188,33.898590087890625,111.21585030395508,1179.5858759980763,1000.5221074034343,949.014490675705,42.119454203774815,30.95841163493749,31.963698482488887,1118.1315503830847,4.815812587738037,0,0,99.37248229980469,15.442877875434027,100.0,60.33915405273438,55.074108395371255,89.3065857887268,79.97433749112216,57.168160092333686,51.17554022842391,-0.9658299754610256,472390.9096284443,142319.5474944443,Likely ridge-soarable,Likely ridge-soarable
96,Strong near-match,False,71.51989449334414,Unnamed face near SU 860 323,SU 8632 3257,S,170.2669677734375,12.295176203201688,9.708548545837402,31.062828063964844,101.91216882537842,2306.0724618754466,1602.1725629398134,1122.247302143311,52.54492753623188,33.354202898550724,36.04802000266666,1074.4762103073151,4.352283954620361,0,0,92.71371364593506,12.292031182183159,100.0,58.63769683837891,71.75860522872549,94.74111795425415,82.30357776988636,31.450827085610594,51.08596676753248,-0.768948452391966,486320.2619749716,132570.53935492336,Likely ridge-soarable,Likely ridge-soarable
97,Strong near-match,False,71.1661525659254,Unnamed face near SU 741 339,SU 7392 3303,SE,144.14480590820312,4.632886390191261,9.80067253112793,32.73777770996094,107.40741062194824,912.6952326814062,1017.563897462096,999.7405588270047,59.16947832857514,38.157280041526086,19.10553065475555,415.0592464253132,4.223299503326416,0,0,95.01681327819824,14.153086344401041,100.0,53.819207696862094,85.46366937811018,95.2427241537306,34.80873801491477,43.11739100332932,51.09190332403288,-0.9458406297211586,473921.4651496759,133038.4900656595,Likely ridge-soarable,Likely ridge-soarable
98,Strong near-match,False,70.74822524590876,Unnamed face near SU 923 304,SU 9239 3019,SE,137.4779052734375,16.23681203149764,10.22634506225586,34.13188171386719,111.98124280212404,2205.4534258609056,1182.0468415200594,1145.514410389413,53.22849002849003,40.55384615384615,81.34220103199999,1290.2027027704753,6.499566078186035,0,0,100.0,15.702090793185764,100.0,60.47912902832032,79.51443096123947,86.39057636260985,22.687100497159097,31.923730308799136,51.063710461633406,-0.6829022260361893,492391.0504908881,130199.8535269344,Likely ridge-soarable,Likely ridge-soarable
99,Strong near-match,False,70.52458161665189,Unnamed face near SU 851 118,SU 8572 1283,S,185.63092041015625,18.01027487653118,10.096721649169922,34.515647888183594,113.24031821746826,590.4628452796023,649.0153914503753,599.2680342797539,62.60369053665143,46.11477907567293,15.752896682488888,453.1644633342803,3.821538209915161,0,0,100.0,16.128497653537327,55.00197326286863,60.70938873291016,96.68595499749667,96.64014352692499,89.761962890625,38.55789344562078,50.90865335316483,-0.7821340124511063,485722.43861261953,112837.6151256526,Likely ridge-soarable,Likely ridge-soarable
100,Strong near-match,False,70.38298752031749,Unnamed face near TQ 011 478,TQ 0134 4804,SSW,192.23358154296875,23.113128455820704,9.80291748046875,32.143775939941406,105.45858585479736,2062.930183974735,1653.2811838148627,1492.9006208987555,43.931971228679565,31.604214113676207,44.83627591182222,986.8779887358542,4.773320198059082,0,0,95.07293701171875,13.493084377712675,100.0,59.28626556396485,58.19167511326724,93.1037547853258,77.75712446732955,28.681968269926127,51.222574809149926,-0.5500872945776902,501349.4217738597,148040.7218235376,Likely ridge-soarable,Likely ridge-soarable
