easting,northing,coarse_local_slope,coarse_relief_m,coarse_width_m,coarse_area_ha,coarse_aspect_deg,tile
466296.09412072133,106343.69782201081,9.4571533203125,62.32497024536133,5532.173340888694,125.25,180.26083,E464000_N104000
506494.31694385,148759.7352931624,9.970870971679688,83.6064682006836,5039.9066734313965,216.34,185.71771,E504000_N144000
491347.60521938355,148131.50160930192,9.390581130981445,50.13458251953125,5411.010842062533,109.91,179.68732,E488000_N144000
491734.1893931801,128895.19616967744,9.395730972290039,132.9916229248047,2390.5350653082132,107.16,182.36354,E488000_N128000
513412.3002790277,142747.4657553139,8.406927108764648,132.27281188964844,2378.3393113315105,133.2,187.01263,E512000_N136000
510603.80269449705,148686.9858305305,12.35252571105957,97.45315551757812,2959.174417704344,127.5,173.46387,E504000_N144000
497615.9573426119,148485.8199478411,8.33889389038086,69.34765625,3426.5750108659267,104.35,167.31793,E496000_N144000
457217.39352860005,181647.56725373064,10.776938438415527,80.32744598388672,2707.99425303936,76.34,158.91534,E456000_N176000
462674.9485754222,106645.72578196778,10.529007911682129,67.13870239257812,2924.854566305876,77.72,182.00162,E456000_N104000
472702.09189083823,125408.25511379227,13.359626770019531,105.63919830322266,1816.6825100779533,52.4,154.02045,E472000_N120000
474289.4705676336,126946.96143821503,17.984973907470703,116.63338470458984,1296.1174242943525,37.23,175.10815,E472000_N120000
510254.8066175011,142766.0658353987,9.612262725830078,100.88652038574219,1662.5053576752543,56.6,180.57024,E504000_N136000
473405.7279761885,126599.65223665553,23.74416160583496,118.1015853881836,948.3975631184876,20.27,179.06104,E472000_N120000
462521.97275362996,181426.47482044683,10.888705253601074,66.87479400634766,2153.0414363741875,41.26,193.81897,E456000_N176000
492461.71558889915,113276.05442444155,8.177380561828613,112.16012573242188,1292.8485035151243,36.48,178.22498,E488000_N112000
494184.6876962366,114347.35970847432,9.32833480834961,112.0233383178711,1257.4439400434494,46.3,174.2027,E488000_N112000
496427.96012607473,115434.54211970617,14.316919326782227,126.87324523925781,859.4906902313232,14.15,154.16364,E496000_N112000
487210.4552573149,110673.52635720509,7.733419895172119,84.53628540039062,1817.517321407795,60.9,192.24162,E480000_N104000
489871.2105828082,113380.7629886466,10.583303451538086,94.70047760009766,1544.3009148910642,53.14,177.99756,E488000_N112000
500818.9005796253,138571.3158003748,10.191052436828613,94.64669036865234,1546.8161487579346,50.71,165.57568,E496000_N136000
461260.4221583313,123681.57683354561,7.633608818054199,66.94680786132812,2145.4361486434937,54.86,184.70702,E456000_N120000
505843.86971703696,142504.3457794877,11.568683624267578,100.67680358886719,1328.2489144802094,29.52,191.88928,E504000_N136000
466015.1267437521,177818.759792453,10.982970237731934,58.732444763183594,2160.0919717550278,55.52,197.24318,E464000_N176000
500951.61238625075,148844.90693114122,8.418726921081543,55.57301330566406,2229.0249030292034,58.17,181.46706,E496000_N144000
502835.9755345921,148096.86029606443,11.321226119995117,95.0469741821289,1299.863513847813,42.54,179.81427,E496000_N144000
471040.3407871125,124113.70734214982,10.145622253417969,68.9268798828125,1824.7975274920464,43.05,170.20264,E464000_N120000
498111.7488759947,138543.56003106575,11.949341773986816,65.20652770996094,1834.914539605379,45.99,181.07115,E496000_N136000
481355.7578606388,127491.13283951084,13.322897911071777,66.21453094482422,1774.6075484156609,42.97,168.7793,E480000_N120000
491795.0470562139,137816.8460871273,10.52377700805664,47.374305725097656,2156.289305984974,34.96,159.0769,E488000_N136000
437417.3731755241,161359.5408047504,12.36579418182373,98.63462829589844,1093.4584653377533,34.87,177.38855,E432000_N160000
493413.68707727245,113310.43382912819,8.726371765136719,90.64457702636719,1302.2130072116852,46.56,163.40497,E488000_N112000
469173.1916761424,175429.08313784204,11.752609252929688,33.82773208618164,2309.7457897663116,30.14,204.70303,E464000_N168000
466550.55548546795,178199.6103381088,9.032191276550293,42.23363494873047,2195.6638485193253,36.57,197.49199,E464000_N176000
475091.67070600373,143799.78173767356,8.331157684326172,48.12761688232422,2088.162412047386,33.53,183.23872,E472000_N136000
482297.2583091286,110888.16749735993,9.524293899536133,106.12413787841797,903.4949176944792,31.63,181.25021,E480000_N104000
507326.32962770463,142070.92114570423,8.981440544128418,96.38995361328125,1059.5692956447601,39.37,181.63342,E504000_N136000
450522.3901293909,129116.06607744674,11.235945701599121,56.36728286743164,1812.489812374115,31.77,196.42285,E448000_N128000
487459.73496218416,130798.66491244842,11.06545639038086,72.4111328125,1467.0887321978807,40.34,178.88977,E480000_N128000
487342.3275987238,135779.30560171301,15.011777877807617,72.89828491210938,1376.5789556503296,16.14,195.56776,E480000_N128000
501182.52641803946,111083.44562514643,10.386844635009766,76.65969848632812,1388.5234206914902,24.5,162.0216,E496000_N104000
471420.4822221781,119709.0423568861,10.482662200927734,107.78175354003906,743.6908830702305,14.42,188.11272,E464000_N112000
429861.3750975335,156097.52897187494,8.528573989868164,67.65641784667969,1571.2550852447748,42.49,176.51501,E424000_N152000
491915.9172833339,124137.50872667966,11.348268508911133,80.26741790771484,1260.4735113680363,16.62,185.39249,E488000_N120000
431639.8476313978,156326.91358478362,12.993809700012207,92.06565856933594,938.4192931652069,31.94,196.5944,E424000_N152000
471712.6114554127,124791.24475051583,13.117989540100098,91.40945434570312,933.0632477998734,21.77,153.8587,E464000_N120000
468236.92425389256,122413.5976371341,10.606678009033203,81.05316925048828,1175.071124881506,26.18,185.74661,E464000_N120000
503315.42060099135,111566.70295260931,8.497167587280273,66.12295532226562,1484.9601244926453,36.66,168.15869,E496000_N104000
499645.48285778536,138316.6115711963,9.818320274353027,91.06797790527344,928.7947742640972,28.81,183.56721,E496000_N136000
472440.8058159891,118907.57190828446,9.724023818969727,77.30520629882812,1196.9005280733109,28.64,150.419,E472000_N112000
471159.97809596953,120700.61299449508,24.972530364990234,98.97483825683594,442.98995167016983,7.53,202.80746,E464000_N120000
498323.0848278506,147802.8782616486,9.39280891418457,40.56266403198242,1922.5179180502892,27.53,172.81506,E496000_N144000
505138.5580548143,143737.23064285543,10.803545951843262,69.93991088867188,1306.4431059360504,20.61,193.10477,E504000_N136000
493717.9965514563,138155.66246029918,9.347114562988281,53.034324645996094,1662.724112533033,26.49,181.42801,E488000_N136000
496652.59067195497,112551.56758555012,6.605496406555176,62.57658386230469,1512.5881832838058,59.82,177.21948,E496000_N112000
495369.41422994976,112362.38379452813,6.651822090148926,62.764801025390625,1497.063663303852,60.28,169.90967,E488000_N112000
473585.47953827877,143324.5883566061,8.202592849731445,51.42161560058594,1686.8776363134384,36.32,170.56708,E472000_N136000
438152.2340341612,159316.51644585305,7.75466251373291,89.54331970214844,931.4182996749878,17.07,165.95587,E432000_N152000
504529.45853315113,111736.84522111918,10.262228012084961,79.76530456542969,1044.437488913536,21.81,181.80554,E504000_N104000
434973.52820716955,128769.14958240335,7.913552284240723,58.16098403930664,1520.7474666833878,28.95,197.02072,E432000_N128000
490825.35823270766,135392.19060885278,9.380746841430664,105.46536254882812,544.6897912025452,9.35,154.23181,E488000_N128000
489003.5336722666,129555.19222200807,9.584426879882812,91.48946380615234,812.9290110990405,33.33,178.28516,E488000_N128000
503328.6982237585,149012.42016224106,8.698811531066895,46.535858154296875,1723.3471101522446,45.12,181.37645,E496000_N144000
446438.16770514165,158913.69410080172,9.115397453308105,48.7574462890625,1669.787778556347,36.41,165.70813,E440000_N152000
495230.15182400274,148266.3009795584,8.56475830078125,48.709617614746094,1679.2891971766949,45.35,175.07239,E488000_N144000
506446.21423906804,142147.58185302163,8.52501106262207,93.49095916748047,780.4894623160362,16.39,188.48225,E504000_N136000
474547.01380913047,131381.6424115279,14.442270278930664,88.72277069091797,755.892238765955,17.34,172.74927,E472000_N128000
502159.3753434667,108313.82258525661,14.85300064086914,70.26847839355469,1115.8857509493828,14.49,171.16272,E496000_N104000
488397.653930952,113432.92841638895,11.744685173034668,84.99429321289062,870.3874156624079,26.58,183.88116,E488000_N112000
485029.70483908016,116558.27932255047,6.906205177307129,78.611083984375,1088.7231442332268,22.84,161.21112,E480000_N112000
494644.28259800863,114930.31380818402,9.738149642944336,94.04106140136719,715.4011697694659,14.42,177.4209,E488000_N112000
475973.46179161256,117967.52402775422,8.076449394226074,76.27423095703125,1096.5027764439583,29.49,165.24231,E472000_N112000
486556.1707356775,113285.79547141366,9.298563957214355,67.36936950683594,1233.944701552391,42.61,170.70538,E480000_N112000
486417.3555754422,132517.65431639669,9.50016975402832,49.75446319580078,1574.2812180519104,36.13,162.14905,E480000_N128000
485478.14754231635,128953.42996596516,14.269615173339844,87.97562408447266,705.6980487704277,18.86,207.97107,E480000_N128000
492316.8007071905,130481.8571310578,16.575374603271484,101.48155212402344,362.95892894268036,6.62,146.2691,E488000_N128000
486133.6400560399,117289.54800961338,15.987924575805664,70.85765075683594,979.8849868774414,13.5,165.97198,E480000_N112000
485498.2316880701,134242.14204652925,13.16465950012207,45.39033508300781,1545.321404337883,20.29,159.22998,E480000_N128000
488430.100450903,130878.13208645128,14.233928680419922,71.69731903076172,996.4490175247192,24.14,187.53146,E488000_N128000
452224.47548671166,126917.78010848799,7.214294910430908,53.7132568359375,1494.9383747577667,26.47,150.77966,E448000_N120000
490270.4010637919,131905.5158986605,11.422927856445312,54.55763244628906,1379.0045357495546,28.85,186.07973,E488000_N128000
512407.3780402584,149535.38791971985,16.200572967529297,98.22711181640625,406.2661697715521,10.93,173.0025,E512000_N144000
481458.21253459604,110217.11633685946,9.013521194458008,77.07823944091797,969.9639047682285,36.32,169.38672,E480000_N104000
436466.2219615607,162060.79333972168,16.395252227783203,65.09222412109375,1058.5053189657629,20.37,178.63287,E432000_N160000
484142.09630044794,116923.10185648422,7.228869915008545,77.34465026855469,992.2379583120346,27.02,170.219,E480000_N112000
475379.7720241804,145005.44331820874,8.968396186828613,40.57147216796875,1682.6759725809097,35.79,184.27422,E472000_N144000
460438.6094500725,122353.28561039528,8.898029327392578,73.47864532470703,1017.1003790199757,19.34,170.88654,E456000_N120000
464314.25742284145,120298.74145413442,8.867999076843262,69.77957916259766,1079.4446635246277,29.46,203.2737,E464000_N120000
437636.981845094,159772.00643596525,9.340707778930664,73.47415161132812,990.0925980508327,26.86,182.88564,E432000_N152000
501035.12641466333,147965.86379865027,11.571199417114258,58.77418518066406,1234.5305213332176,26.41,193.85815,E496000_N144000
503670.793589831,148226.87284040527,17.364551544189453,74.32685852050781,806.1788821965456,11.94,178.07281,E496000_N144000
503253.7898120419,110644.54454377988,12.394014358520508,51.448936462402344,1342.5713205337524,20.65,193.11096,E496000_N104000
474465.49932863005,118340.97288141704,13.777946472167969,77.10896301269531,797.7101560682058,12.11,175.58972,E472000_N112000
469253.3709869675,122661.5738645631,11.413726806640625,71.2406005859375,948.3774672448635,23.87,185.88913,E464000_N120000
430655.2300227603,156821.25780578385,14.33199691772461,63.95854187011719,1013.114986717701,16.38,172.12213,E424000_N152000
504516.7458070076,112264.7297505518,9.936168670654297,69.72923278808594,982.9850456118584,26.87,173.15173,E504000_N112000
467743.8591108835,123042.02617306382,9.322888374328613,73.18177032470703,920.2149343490601,17.15,211.98227,E464000_N120000
463637.2046566914,177685.148921921,9.256746292114258,70.60974884033203,968.459510654211,29.24,194.3058,E456000_N176000
439716.75088768755,159564.3234964247,14.452512741088867,86.51353454589844,543.3923177421093,13.6,193.24164,E432000_N152000
487518.16204305016,136344.6304996415,14.572749137878418,61.82914733886719,1034.5982593297958,19.81,192.33917,E480000_N136000
472975.31863962655,142952.34888648888,13.104379653930664,60.267486572265625,1086.4098799228668,17.83,201.85242,E472000_N136000
498308.23344016087,112816.76692029135,7.9726104736328125,65.48405456542969,1078.8928455486894,38.7,181.03928,E496000_N112000
472468.59580796846,142160.7449324331,8.77302074432373,67.10700988769531,1020.6139098107815,22.24,192.94528,E472000_N136000
464421.7114708165,177939.54212493208,10.90568733215332,70.7373046875,881.6187480092049,21.15,173.82935,E464000_N176000
494966.24737039977,115440.97292164534,13.755087852478027,67.41546630859375,877.1876116096973,14.49,185.63614,E488000_N112000
473590.5871312149,132850.59708622904,8.940238952636719,42.74391174316406,1466.4332181215286,33.54,159.62915,E472000_N128000
508307.7482515841,142081.95104434853,9.38714599609375,85.54893493652344,580.4923020489514,17.58,178.82788,E504000_N136000
505278.1123674626,148137.33088456874,11.897821426391602,54.35774230957031,1149.1219359263778,24.64,176.66522,E504000_N144000
457588.901130387,179463.93777024077,8.639518737792969,43.722938537597656,1426.7670311033726,27.06,171.51837,E456000_N176000
482036.8928559669,116781.3672491128,7.002655029296875,72.1035385131836,891.0021671652794,16.0,172.26227,E480000_N112000
500989.6159766848,111783.98151396659,9.496135711669922,73.42634582519531,799.5723393559456,20.2,154.46661,E496000_N104000
471347.28786310944,132736.27263313497,8.42192268371582,38.52558898925781,1508.6884286999702,31.75,203.12704,E464000_N128000
444107.739253561,156646.5162471048,8.365967750549316,64.53109741210938,982.1946083754301,30.51,176.87256,E440000_N152000
509132.6288170496,149005.42442423955,14.390670776367188,71.33843231201172,725.2621650695801,12.78,187.20564,E504000_N144000
461480.21439632954,180649.74572747175,9.184624671936035,41.800079345703125,1416.8349316716194,24.34,183.39412,E456000_N176000
462542.39353325637,178807.05777771526,9.468978881835938,52.90046691894531,1188.7958705425262,27.13,192.52347,E456000_N176000
501433.77330879326,108425.81739859087,8.408917427062988,83.25700378417969,595.506007373333,13.84,167.35565,E496000_N104000
432187.60835792724,156127.3096416863,9.408353805541992,81.06539916992188,608.5693088173866,20.76,160.20349,E432000_N152000
482781.1098008304,111603.37127418067,12.548866271972656,88.14387512207031,402.8672856092453,2.85,147.3139,E480000_N104000
493641.8744066019,114756.17525871645,13.348142623901367,77.35591125488281,593.8829451799393,11.49,161.89307,E488000_N112000
505159.2477443719,142848.57503673658,11.320721626281738,70.09424591064453,779.1533732414246,16.47,187.32729,E504000_N136000
496932.60949290026,138448.14192172882,10.059215545654297,48.47266387939453,1235.3957952558994,21.62,186.22513,E496000_N136000
434590.8635328831,155252.60567172567,10.541683197021484,48.601165771484375,1210.2021975442767,11.77,182.89552,E432000_N152000
486335.841962353,116658.15660109409,10.296098709106445,72.33531951904297,737.9780840873718,13.17,159.22455,E480000_N112000
473811.2080177783,129026.03799776325,11.16263484954834,74.45357513427734,673.853961378336,13.4,192.23611,E472000_N128000
491285.634477504,113116.95741662322,8.381750106811523,64.64656066894531,920.8670103549957,28.73,182.36627,E488000_N112000
464379.7813636088,121266.63227461751,18.667322158813477,80.15387725830078,388.07881742715836,5.52,206.79245,E464000_N120000
486251.21027229255,129241.94617656378,12.110682487487793,73.65960693359375,640.7157889008522,14.11,153.75134,E480000_N128000
473976.6824834347,131219.35375665862,10.08268928527832,70.97935485839844,732.6037484407425,13.07,191.76831,E472000_N128000
459216.90717834514,179946.20211461498,11.8909330368042,74.0692138671875,631.2678214907646,10.91,170.2992,E456000_N176000
486925.68345944147,135172.45944685116,12.527078628540039,41.85972595214844,1260.8456352353096,16.29,184.46703,E480000_N128000
467121.2253184199,119540.10196555282,8.864242553710938,65.773193359375,854.252679347992,21.07,209.42386,E464000_N112000
448687.1049733114,159039.36655999228,7.963141441345215,38.24768829345703,1421.4951464533806,25.7,162.5849,E448000_N152000
467993.0690776494,136958.6035047981,8.97327709197998,37.88841247558594,1396.8617963790894,19.55,172.1723,E464000_N136000
458708.52547386073,179890.43464194515,11.130098342895508,73.15238952636719,631.3134437799454,13.94,188.62408,E456000_N176000
492518.7100924594,115521.06886054562,6.586999416351318,56.181915283203125,1056.5122255682945,25.66,158.48743,E488000_N112000
500785.69635186705,139604.51560272925,11.866744995117188,56.50523376464844,896.3017556071281,14.3,200.34908,E496000_N136000
486696.1912228479,136203.95309687775,12.961437225341797,63.430328369140625,722.880539149046,14.59,183.61176,E480000_N136000
501234.0218034641,145466.35337919643,11.115805625915527,70.08999633789062,622.182599902153,10.44,202.11751,E496000_N144000
457410.8627467748,87367.0609622328,11.48019027709961,54.68444061279297,921.9409341365099,13.7,176.57849,E456000_N80000
499144.45832207525,138669.53730950152,13.380695343017578,72.62107849121094,517.9950669407845,11.31,204.89122,E496000_N136000
444895.53500667406,157526.04061939323,11.948829650878906,74.27093505859375,507.75457113981247,9.03,154.14606,E440000_N152000
482387.7850435004,127911.49194468393,15.532988548278809,63.83866882324219,641.698454618454,9.91,161.45776,E480000_N120000
486844.4443865681,134637.34757919525,13.345867156982422,44.824249267578125,1053.8941976428032,12.16,182.60895,E480000_N128000
474911.19026768766,116819.50181582176,6.66026496887207,32.33257293701172,1430.0218686461449,26.0,163.09424,E472000_N112000
489436.1306152088,111084.19479578771,7.858944892883301,44.542884826660156,1158.2625070214272,26.55,188.0774,E488000_N104000
490589.17032043263,114734.81313736664,6.234905242919922,48.81883239746094,1102.213994860649,11.89,141.56104,E488000_N112000
466091.22191202187,121634.08221055391,9.48906135559082,65.6868896484375,691.0090467333794,21.37,190.04752,E464000_N120000
504428.4500978832,107753.01468920904,9.418304443359375,34.63702392578125,1311.4773517847061,16.98,165.54639,E504000_N104000
498742.8744156049,113729.45414015498,23.7177677154541,58.57542419433594,546.6847026348114,4.45,144.134,E496000_N112000
487540.16987508326,132839.1157492692,10.967201232910156,57.400360107421875,823.8816648721695,18.63,174.12488,E480000_N128000
507906.0003972551,142403.74954871778,11.185040473937988,77.29827880859375,419.9700343608856,8.01,179.31567,E504000_N136000
442542.6733232115,131346.1915123073,8.091470718383789,35.233917236328125,1314.2178472876549,20.93,205.16026,E440000_N128000
427427.0908345273,157042.57668263238,6.988870620727539,52.77549743652344,979.9768015742302,17.94,159.75232,E424000_N152000
478676.81216724485,117625.70769247875,6.736261367797852,57.45091247558594,889.8871994018555,19.15,165.10999,E472000_N112000
458751.04167052696,180900.39341401978,12.459781646728516,73.75235748291016,448.56528759002686,10.46,144.71149,E456000_N176000
461941.7609865881,179359.18844256876,14.821828842163086,66.7452392578125,539.699370265007,9.04,199.44566,E456000_N176000
512255.9345329243,143613.91601153655,9.778971672058105,68.27261352539062,608.3326864242554,18.05,200.03387,E512000_N136000
436075.88733709505,159389.94552634977,7.047720909118652,55.29716491699219,912.8036999702454,28.56,166.5744,E432000_N152000
483517.6781884923,128314.38938317535,11.006160736083984,65.44173431396484,626.860073953867,11.61,174.30957,E480000_N128000
470400.22405545576,124318.68225392485,9.207084655761719,48.9183349609375,988.9437711238861,14.47,180.48721,E464000_N120000
495602.3152958127,144745.08122920498,19.113422393798828,45.68258285522461,850.1952396333218,10.22,193.15721,E488000_N144000
460502.54150601727,123156.43156194042,11.282554626464844,50.92169189453125,900.211575627327,17.83,157.63263,E456000_N120000
500909.1891229915,109600.18327673675,8.664453506469727,73.57383728027344,498.09083849191666,18.23,180.40253,E496000_N104000
473564.6148510056,139186.6356642677,10.302718162536621,33.92683410644531,1253.8393378257751,18.41,186.6498,E472000_N136000
466259.7011944653,124725.30969573044,8.12694263458252,44.44464111328125,1083.0651061236858,26.31,173.07251,E464000_N120000
478059.994750746,120216.39306726868,13.472180366516113,60.42430877685547,652.7277991175652,10.32,158.6532,E472000_N120000
473422.90222070494,118822.81403380592,12.346429824829102,74.78488159179688,371.4472207427025,6.07,193.1733,E472000_N112000
486647.1432520044,126196.29870385946,10.199628829956055,70.22246551513672,504.93930846452713,8.46,176.64331,E480000_N120000
455581.4437058327,181200.06034421368,8.841102600097656,47.51948547363281,985.7743239402771,24.86,163.4823,E448000_N176000
485780.22976195224,112722.3371883159,9.668540954589844,60.82263946533203,690.4223294556141,17.71,176.0332,E480000_N112000
475782.0251811158,118645.44194070341,9.937466621398926,47.618560791015625,941.7592078447342,6.79,154.57611,E472000_N112000
485869.4597731992,128638.67306668907,9.230278015136719,61.59856414794922,673.6283028870821,17.89,174.45996,E480000_N128000
484916.46626022295,128796.48437034103,9.940421104431152,65.59613037109375,579.453087747097,12.76,169.55444,E480000_N128000
468259.4249441809,138342.4310394689,7.833205223083496,41.12876892089844,1109.965626001358,15.07,160.05182,E464000_N136000
511756.87283928297,143653.28444281855,9.036443710327148,66.38400268554688,578.6143121123314,14.64,190.63712,E504000_N136000
503648.0450671525,144071.60278965422,9.405153274536133,56.77880859375,762.4082073569298,9.63,201.55818,E496000_N144000
473547.4320001495,118162.05378083166,11.649616241455078,63.21385192871094,583.0598823726177,11.92,186.53667,E472000_N112000
490192.9099097846,135691.7307309172,12.218912124633789,59.67420959472656,638.1484089791775,11.44,166.08911,E488000_N128000
492382.05364799185,129905.60348710662,12.405754089355469,73.45069885253906,358.56143057346344,3.14,145.4148,E488000_N128000
505438.59473681805,108932.71742808276,7.28037166595459,53.312171936035156,862.9921635985374,23.85,153.58307,E504000_N104000
471351.9968727097,115564.3545414498,6.796817302703857,59.61354064941406,742.9855245351791,10.2,160.31006,E464000_N112000
469206.3252103764,137499.64154763037,7.838586807250977,29.76220703125,1303.965665102005,20.75,153.00897,E464000_N136000
480607.462477109,110160.43289926893,7.4192047119140625,58.230674743652344,730.0309394299984,18.23,181.62973,E480000_N104000
500863.0754608422,112378.1217141475,12.99363899230957,58.528831481933594,610.1266050338745,7.43,153.86194,E496000_N112000
480635.0763504224,117091.89940117876,7.404192924499512,60.47666931152344,680.3654131293297,16.83,167.02563,E480000_N112000
474201.4781462088,117197.57964306178,8.120847702026367,54.814422607421875,776.3342516869307,14.16,174.39331,E472000_N112000
501256.7631506368,108997.20742755786,7.8872151374816895,68.44475555419922,491.01344108581543,9.13,168.95667,E496000_N104000
438047.2080981202,160105.96665627175,11.33657455444336,58.146392822265625,616.815168261528,8.84,171.15326,E432000_N160000
506869.8438465239,149117.4202125168,12.405877113342285,57.866363525390625,600.0826058909297,10.09,178.95721,E504000_N144000
484148.0212898985,128723.85604528952,11.887467384338379,56.29637908935547,641.4191693067551,11.93,170.60376,E480000_N128000
459870.08500391943,179272.54112395825,11.127532958984375,53.83271026611328,701.0717391967773,13.11,164.88013,E456000_N176000
492289.9314914886,114196.92480959429,7.262539863586426,53.025238037109375,789.4255347829312,14.96,180.1425,E488000_N112000
466726.19301268825,114707.7074186799,6.2770538330078125,32.658538818359375,1214.8422008752823,19.36,144.69171,E464000_N112000
493085.84564897977,115525.52273582038,7.287994384765625,42.21282958984375,994.7103464603424,15.87,160.76624,E488000_N112000
472349.1120594921,132435.98161958772,8.457450866699219,41.39201354980469,986.4424397051334,23.78,193.78952,E472000_N128000
496406.4587113382,144716.5852765616,12.235682487487793,47.279266357421875,788.8440613821149,13.11,177.01184,E496000_N144000
440730.28358060727,159033.42048252522,10.952445983886719,61.90545654296875,520.0590129196644,10.92,193.20648,E440000_N152000
474834.6645331059,128585.5588752225,9.184124946594238,46.15923309326172,864.4102934002876,11.97,193.54631,E472000_N128000
489997.01958800986,129284.23531371803,8.080709457397461,56.37199401855469,680.9959249198437,15.13,182.051,E488000_N128000
461308.8210667255,179881.93490201398,11.15338134765625,54.85163497924805,646.2023115158081,15.1,197.89807,E456000_N176000
481130.5714160021,118127.0705466149,15.391209602355957,57.058868408203125,514.3849384784698,7.56,203.07872,E480000_N112000
508629.27650834527,149069.35894275733,12.422958374023438,56.51176452636719,581.5367197990417,9.03,157.38574,E504000_N144000
440792.5248510383,157672.56830949854,7.355628490447998,48.755157470703125,837.1197806298733,25.75,171.47375,E440000_N152000
477413.80763291445,119346.5900817644,9.90297794342041,66.39149475097656,422.8373843431473,4.89,141.23941,E472000_N112000
433623.5173101766,154758.95888210167,7.206667900085449,50.39349365234375,794.855423271656,20.1,165.32318,E432000_N152000
439362.12551027513,160056.84332566493,15.112556457519531,60.146026611328125,428.4449940919876,5.61,203.97305,E432000_N160000
509448.016869257,142389.67709773433,8.841543197631836,58.34095764160156,586.4948922395706,11.98,175.01587,E504000_N136000
490309.73766796134,134881.68255250505,8.853012084960938,61.05604553222656,527.070801705122,12.65,167.75818,E488000_N128000
504281.78157660895,143835.88930374605,9.52798080444336,44.544593811035156,842.8003852069378,13.68,173.61182,E504000_N136000
448411.9411453222,127435.9828488195,11.303679466247559,51.30556106567383,670.2085703611374,11.1,173.23645,E448000_N120000
483068.64875675266,136217.98179119485,11.364763259887695,40.045013427734375,874.3657359480858,8.5,203.6085,E480000_N136000
446708.7045836445,128740.8186437973,7.5690598487854,52.44999313354492,701.5435725450516,13.33,160.91931,E440000_N128000
447102.4544863852,129206.67337614683,7.771902084350586,44.24678039550781,861.432888507843,18.6,161.09552,E440000_N128000
434233.34853011154,127872.89991005542,12.047063827514648,53.85778045654297,582.2982776165009,7.48,197.33339,E432000_N120000
485599.1605632094,137213.74675594538,17.8780517578125,49.46368408203125,553.1757295131683,6.5,215.60562,E480000_N136000
445662.64682488656,157159.5606830701,10.27244758605957,65.45407104492188,385.4557466506958,6.4,192.72458,E440000_N152000
496551.4739870481,114022.11100016194,25.038372039794922,56.63426208496094,265.8622455596924,2.36,139.97433,E496000_N112000
491734.88150840095,128155.96380519828,8.556818008422852,56.12931823730469,605.2929654717445,13.47,189.24245,E488000_N128000
471149.63681444403,118854.55523814657,16.059288024902344,59.840545654296875,377.0826828479767,5.84,209.81166,E464000_N112000
471087.76728821767,123099.43221134323,10.858003616333008,38.34700012207031,907.3804759979248,13.59,162.56445,E464000_N120000
490411.5057901368,116279.46912026164,6.799458980560303,39.014068603515625,972.5980371236801,22.11,186.66599,E488000_N112000
425305.3742254243,147569.62021160853,7.656642913818359,30.018569946289062,1132.3809710144997,19.78,189.96078,E424000_N144000
488360.51037306176,129268.21350331882,8.751504898071289,47.57525634765625,757.3269754648209,18.86,197.14247,E488000_N128000
489316.7440273406,135146.9228816423,10.609773635864258,51.13682556152344,640.2811244130135,6.37,163.04694,E488000_N128000
512082.85039323446,148994.24778436864,14.35698127746582,63.13200378417969,322.8220707178116,5.62,142.6322,E512000_N144000
468293.9314455082,176347.77246053112,8.914673805236816,37.86040496826172,936.4990642666817,20.03,171.50165,E464000_N176000
465295.9559550305,119150.93595388645,7.71768045425415,46.058197021484375,792.1914231777191,8.42,149.0592,E464000_N112000
474578.4656089472,144061.82298043882,8.626873970031738,27.011932373046875,1142.074624747038,12.59,172.75293,E472000_N144000
459035.2020697725,178410.19541553917,8.479469299316406,39.44348907470703,895.0433704815805,11.66,181.0246,E456000_N176000
475601.6424574488,130878.63426910978,7.428523063659668,43.280677795410156,835.9386122226715,17.88,160.91315,E472000_N128000
481239.60272535775,130412.29276003786,9.082883834838867,38.952430725097656,888.6266899108887,13.87,163.16638,E480000_N128000
438380.8775248077,156996.18408471203,6.791342735290527,49.3963623046875,724.3620307743549,11.91,178.38629,E432000_N152000
496172.05086071603,114428.3401604165,13.564469337463379,58.578216552734375,404.94895577430725,9.78,166.92963,E496000_N112000
500322.5395809118,108343.86464591019,7.599642753601074,49.32722473144531,706.5291225910187,21.45,203.15375,E496000_N104000
471844.7191468409,118715.56601780374,12.277615547180176,65.97941589355469,276.3607317209244,2.31,216.61595,E464000_N112000
456523.4983721325,180416.67767213468,7.825737476348877,39.27665710449219,895.8783528208733,19.37,154.323,E456000_N176000
440274.9270303929,152339.8846873918,7.607029438018799,42.15796661376953,842.4761927127838,21.6,208.80861,E440000_N152000
419784.8416866427,142527.6761668247,6.54228401184082,42.084075927734375,859.7535997629166,18.72,168.92017,E416000_N136000
496688.21889459755,114825.91270975392,22.425628662109375,56.49134063720703,249.38966035842896,2.94,143.72113,E496000_N112000
484351.51954060973,124244.35168227312,12.420848846435547,50.107513427734375,576.8332096934319,6.04,196.95619,E480000_N120000
469625.4088764669,133453.53471877522,8.778976440429688,39.87335205078125,854.0198582410812,11.75,186.18645,E464000_N128000
488629.6550912013,116356.2967238292,7.54928731918335,62.27825927734375,424.26351994276047,8.39,205.52736,E488000_N112000
451799.85930481413,177801.28206166974,8.614278793334961,35.630775451660156,914.7265243530273,17.86,199.0231,E448000_N176000
479892.15483115916,111679.39190078761,7.376006126403809,44.83675003051758,741.6942536830902,7.7,140.31891,E472000_N104000
506849.6345700186,142517.75831850027,14.750389099121094,62.235565185546875,240.55349230766296,2.95,203.63889,E504000_N136000
476117.48833737953,131577.00095998932,7.806119441986084,44.03605651855469,741.9124803692102,10.06,183.26439,E472000_N128000
476652.41453494417,144644.71409333445,7.548274517059326,27.1339111328125,1083.6567771807313,14.03,178.13617,E472000_N144000
467701.68065075844,176557.20543835103,10.987586975097656,47.243804931640625,598.9422357082367,9.01,213.88275,E464000_N176000
502417.43237183307,121210.57812450446,10.730924606323242,50.08671569824219,545.1775407791138,7.89,178.01904,E496000_N120000
495831.59096919745,115324.17947811403,10.716889381408691,57.21632385253906,396.7922456562519,10.12,192.71655,E488000_N112000
449191.5893959258,129136.75392903316,10.727947235107422,38.14842224121094,774.4443015754223,13.54,167.47919,E448000_N128000
504195.4871188648,148095.58387507722,12.964059829711914,45.98057556152344,572.9265758395195,6.98,192.18054,E504000_N144000
427865.17182019155,134305.47852682008,6.982913970947266,40.313323974609375,795.1931571960449,15.36,155.01727,E424000_N128000
448442.48992620304,126715.57973210099,6.905930519104004,41.23225402832031,774.4422511011362,17.25,177.96393,E448000_N120000
469696.85793559445,123324.57296550072,9.814739227294922,62.21393585205078,292.424833253026,5.39,173.93768,E464000_N120000
487740.22525533196,126477.51935374469,15.951194763183594,58.443084716796875,230.74415385723114,1.58,142.71854,E480000_N120000
484940.62528128154,125311.5947904402,14.025744438171387,56.014129638671875,315.67003428936005,3.39,202.74062,E480000_N120000
439881.79551004776,158932.16403091673,14.583478927612305,57.64900207519531,269.3182188272476,4.6,210.9311,E432000_N152000
480722.9400445035,109536.82763313013,7.059587478637695,37.212974548339844,826.8948048353195,15.0,155.3255,E480000_N104000
489715.60446360975,116012.33248090775,6.310727119445801,47.991119384765625,616.3386657834053,14.03,155.36737,E488000_N112000
438598.8704305896,158675.418143054,8.0120210647583,54.20878601074219,453.05771827697754,15.35,199.28798,E432000_N152000
477929.1892652078,139307.6673701257,6.874763488769531,40.43717956542969,749.9218827486038,17.01,174.57458,E472000_N136000
434983.8674224159,160713.65472438277,8.025922775268555,45.38557434082031,625.0981336832047,15.27,187.58069,E432000_N160000
426126.54048461816,134786.20640886156,20.47161865234375,49.63390350341797,289.9435484409332,2.08,144.65497,E424000_N128000
442312.0966936775,156990.65872084297,8.118781089782715,37.83430480957031,769.0973025560379,12.93,165.45056,E440000_N152000
488752.99359293137,135260.8844359704,12.492545127868652,48.32795715332031,469.5481860637665,5.07,165.07831,E488000_N128000
491466.07110569224,131314.60498345282,14.505669593811035,43.64906311035156,519.49298620224,7.45,214.38611,E488000_N128000
467684.358324179,140421.26475591472,7.5760650634765625,26.957962036132812,989.110814332962,12.59,151.80725,E464000_N136000
486334.9951756066,136629.07635544773,15.462108612060547,51.25811767578125,339.95008766651154,4.6,207.91174,E480000_N136000
483166.7238371761,117050.96442021354,6.91605806350708,44.909576416015625,633.7047755718231,12.35,210.83644,E480000_N112000
500459.8300479046,141574.19285415,12.418539047241211,46.32947540283203,494.69525396823883,5.44,210.19983,E496000_N136000
501079.12315479777,140042.0106634487,11.544456481933594,50.232627868652344,426.94532454013824,6.13,151.38055,E496000_N136000
491457.9693309783,133551.61861659618,9.2319917678833,51.16944122314453,447.4834540486336,5.09,173.89221,E488000_N128000
486711.51981422654,130071.69117928486,12.55148696899414,52.05665588378906,362.6814419031143,4.86,151.82733,E480000_N128000
479512.59862479626,109748.34935050401,6.9543681144714355,36.164161682128906,790.1732140779495,18.18,150.68408,E472000_N104000
503412.25430633675,145219.2562855927,10.285884857177734,42.78580093383789,590.0051415362395,9.67,179.98517,E496000_N144000
501787.0293999077,148004.86363730294,10.822990417480469,45.45818328857422,525.5315583944321,9.01,164.42065,E496000_N144000
497729.0327339555,139361.21410842688,9.102259635925293,45.482391357421875,548.038926422596,8.18,174.99689,E496000_N136000
479871.09525526257,117755.60870201212,11.069976806640625,53.40998840332031,347.44043469429016,7.07,195.8922,E472000_N112000
498572.77671536914,121869.42763140409,8.886582374572754,38.31522750854492,692.4532067775726,11.14,185.2316,E496000_N120000
475088.01234220114,134785.25633393807,8.15621566772461,42.32310485839844,622.3733031749725,12.26,166.65247,E472000_N128000
438886.3909614089,130027.30816740418,9.306859970092773,44.534645080566406,554.3485021591187,10.64,202.33022,E432000_N128000
440362.12173241546,159731.14657635198,11.261810302734375,51.82182312011719,366.3655599951744,5.6,174.35944,E440000_N152000
510960.5438629701,143563.50989911926,8.516599655151367,48.48567199707031,485.88226083666086,4.01,179.22217,E504000_N136000
495013.082075586,109808.31634417483,7.719142913818359,44.11274719238281,586.8066346645355,14.07,160.1399,E488000_N104000
488204.3792756561,136215.78557019884,15.911223411560059,40.03044128417969,499.47560518980026,5.65,188.67126,E488000_N136000
469579.69342488394,140658.92583943417,9.84390640258789,47.347755432128906,465.70941627025604,9.69,187.49843,E464000_N136000
467303.68026323954,123596.6383410562,7.5893402099609375,46.02623748779297,535.8177161216736,14.06,213.58719,E464000_N120000
460157.02437470463,120841.48844690567,8.734148979187012,42.617828369140625,579.5884020626545,9.38,182.65779,E456000_N120000
472312.6248224733,134023.63232080618,8.586371421813965,30.064498901367188,833.5346055030823,13.89,162.26923,E472000_N128000
439360.15816738695,141343.71591546125,11.642942428588867,31.73452377319336,737.3307880759239,9.21,163.83466,E432000_N136000
480845.9926931329,112631.90990351021,7.097142219543457,49.08906555175781,481.0591745376587,7.4,145.72769,E480000_N112000
461307.9657970979,143847.09976056754,6.590246200561523,31.56097412109375,838.0519372224808,16.85,154.61932,E456000_N136000
470098.53270561644,123737.51848559728,15.239580154418945,45.90625762939453,374.36377704143524,4.48,146.26141,E464000_N120000
439652.1104621936,157153.47494243627,8.424664497375488,43.404510498046875,556.6837617754936,7.5,170.72247,E432000_N152000
487070.9664774707,113988.92053396041,7.372052192687988,49.63494110107422,452.946652173996,8.0,164.19525,E480000_N112000
439747.04009545996,152573.7095117525,8.551647186279297,37.78112030029297,665.7782536745071,14.03,196.7831,E432000_N152000
499568.53660069883,142997.16222549323,11.759374618530273,37.215003967285156,612.9459860920906,6.92,157.34949,E496000_N136000
445978.45756378025,156101.50134922744,7.68854284286499,53.926666259765625,357.9326617717743,6.63,159.39331,E440000_N152000
504502.1881687392,147106.67770418103,11.104888916015625,43.76322555541992,490.2954778075218,5.74,199.05524,E504000_N144000
502558.6786200086,145285.2425728227,9.424609184265137,43.449275970458984,528.380806595087,11.08,175.6383,E496000_N144000
460403.53178793396,106817.5332066449,19.05457305908203,35.417354583740234,494.2435956001282,3.54,191.38632,E456000_N104000
446760.2722782859,148295.47278073663,9.064652442932129,30.313369750976562,795.1076965779066,8.85,186.63916,E440000_N144000
495469.2699458025,138210.0727413045,9.635022163391113,34.922035217285156,690.2916330099106,8.53,172.54211,E488000_N136000
497615.94532487215,108357.94366377567,6.464418888092041,53.50584411621094,380.5141043663025,4.73,206.52048,E496000_N104000
489615.6585496826,134729.75450685486,12.443403244018555,55.6422119140625,214.0581500530243,2.61,143.15262,E488000_N128000
485346.2332375555,144883.28135232514,8.979377746582031,32.52628707885742,745.0160664319992,10.18,155.74518,E480000_N144000
491936.6704471903,115934.02810989015,7.028181552886963,36.99021911621094,691.6910541057587,14.1,148.7732,E488000_N112000
500350.9982824977,144592.51388990754,12.413262367248535,32.01997375488281,681.9177058339119,7.63,157.10126,E496000_N144000
487818.0790238578,145849.94877290298,10.328298568725586,43.6937255859375,487.46395260095596,7.16,197.03293,E480000_N144000
470066.27692596236,122213.44110991461,8.998292922973633,43.97606658935547,508.40804129838943,8.29,172.70074,E464000_N120000
461363.04832632147,181910.26434988354,10.19478988647461,41.122802734375,540.7879561185837,7.32,194.0624,E456000_N176000
429237.4551589764,154819.0302205457,6.933936595916748,38.62178039550781,655.0456923246384,16.34,174.1482,E424000_N152000
500391.50203632883,118998.93082523716,6.9752326011657715,31.4924259185791,794.90807056427,12.94,184.20815,E496000_N112000
437547.6662272733,129039.70635817313,9.499822616577148,30.494461059570312,763.148085474968,8.56,198.18877,E432000_N128000
430735.13217077387,156231.23545201123,9.687623977661133,47.59844970703125,415.1978576183319,7.35,149.08478,E424000_N152000
467647.6142026899,118861.9581516162,7.663171768188477,43.86711120605469,524.6684667468071,11.7,171.87189,E464000_N112000
429752.0792060413,157676.36631020653,10.523784637451172,37.37110900878906,596.7524188756943,8.4,149.00458,E424000_N152000
511583.81775646855,144435.42356942623,10.984402656555176,42.031005859375,493.26199769973755,7.6,200.12631,E504000_N144000
436396.83553082804,153405.49889237602,8.464852333068848,43.905914306640625,503.4651392698288,8.93,143.52557,E432000_N152000
422455.40127486445,148558.91800460097,8.481208801269531,40.925750732421875,561.82093501091,8.33,187.28181,E416000_N144000
482870.0501893993,128221.07076791131,15.25376033782959,52.602577209472656,190.5802184343338,1.89,145.81894,E480000_N128000
479912.20607055444,127358.45980915033,16.430458068847656,48.13130187988281,252.23353505134583,3.16,148.31836,E472000_N120000
441247.72478339204,158066.46451293438,9.00407600402832,36.48152160644531,632.6896736398339,11.68,181.51602,E440000_N152000
496979.62598244776,144482.21177831886,13.009379386901855,46.3878288269043,352.63047233223915,4.18,181.78276,E496000_N144000
473634.43612931354,130561.33436866452,12.671351432800293,38.54375457763672,510.75578808784485,4.74,148.7543,E472000_N128000
486201.82613603276,124929.72594436108,8.180730819702148,41.99836730957031,531.4372277259827,5.94,200.54073,E480000_N120000
489336.34242429654,114062.68669857016,11.136373519897461,43.43461608886719,439.7151729464531,5.63,202.89789,E488000_N112000
481795.92831646773,112180.30766165948,7.04965877532959,36.677764892578125,651.4460837934166,11.22,179.67908,E480000_N112000
490064.5770451846,130842.49735793596,11.927534103393555,41.52449035644531,454.31709945201874,6.04,209.59311,E488000_N128000
421534.2976568949,149834.4535950962,7.861262321472168,40.96722412109375,543.5827150940895,13.16,186.92072,E416000_N144000
509519.3101679342,113948.68251208286,21.372880935668945,35.155357360839844,388.1388293579221,2.55,182.71779,E504000_N112000
472540.81551118975,130549.69991680428,8.546722412109375,47.97784423828125,386.43646091222763,8.05,200.73756,E472000_N128000
501773.3319594324,109117.63518853208,7.897730350494385,56.82253646850586,220.66554471850395,2.96,177.4859,E496000_N104000
464478.28367477946,119345.0731863783,8.864903450012207,30.189224243164062,733.8540224730968,5.59,181.41362,E464000_N112000
463000.2860401749,178219.22855653806,7.745388984680176,43.6458740234375,484.2363828420639,12.5,196.06665,E456000_N176000
454091.47736820026,163815.0799434765,9.487178802490234,32.5191650390625,671.5727490186691,12.14,185.95236,E448000_N160000
473603.13787305186,142247.76050912464,7.752340316772461,41.576995849609375,520.2960134670138,12.79,179.75378,E472000_N136000
498685.31814903347,144057.95704710108,19.996915817260742,40.2684326171875,300.75185000896454,2.25,212.91298,E496000_N144000
451041.6899995783,127500.28837431529,7.867649078369141,36.765380859375,612.3261517286301,7.35,140.38647,E448000_N120000
456702.5507771589,166890.29482710385,9.181804656982422,30.63028335571289,705.5011047422886,11.38,185.71999,E456000_N160000
452101.41919489903,128053.25402413294,10.257999420166016,33.652679443359375,622.0931388437748,7.23,192.99995,E448000_N128000
435449.1352663514,159819.9055012216,8.916705131530762,45.77442932128906,403.05704697966576,7.23,188.07877,E432000_N152000
468766.76465757104,122888.41999615238,11.969995498657227,53.323516845703125,190.3739845752716,3.25,208.7329,E464000_N120000
436885.23992051504,139437.7433404475,8.893750190734863,36.199825286865234,585.2806866168976,10.34,202.40724,E432000_N136000
424257.0613370322,145378.38469175543,10.873584747314453,47.7344970703125,309.7764015197754,6.65,206.31668,E424000_N144000
491060.7614780092,131712.05088366315,11.877042770385742,47.07908630371094,301.3634365797043,5.29,207.7478,E488000_N128000
499428.6752612822,112554.74351051894,7.529777526855469,53.62757873535156,248.05333137512207,6.88,200.43634,E496000_N112000
497502.46908838715,110180.05185591387,7.040125846862793,43.398681640625,461.7002520337701,13.08,179.23242,E496000_N104000
438644.62606898247,156133.0710773284,6.4826884269714355,41.5615234375,508.7959671020508,9.47,207.14809,E432000_N152000
481299.80975209194,179829.73914426126,7.943042755126953,35.74249267578125,595.7358318567276,8.49,174.51471,E480000_N176000
462352.1515389632,180611.7491487272,8.740971565246582,39.72919464111328,497.86472976207733,7.65,201.30856,E456000_N176000
474872.7054338224,130749.15206158922,13.691176414489746,31.614212036132812,560.7834947481751,6.25,176.45557,E472000_N128000
492731.19331004855,121443.82922458411,10.297361373901367,27.219730377197266,715.2448631823063,8.57,174.81396,E488000_N120000
488186.0345892124,130151.48323330941,11.587360382080078,45.4525146484375,324.4237792491913,6.22,208.29971,E488000_N128000
466973.0562561242,124089.78933128573,7.683622360229492,38.811119079589844,533.3852696418762,12.57,191.32533,E464000_N120000
480809.64725831983,179624.87428234692,7.8108696937561035,32.132423400878906,662.6975870132446,12.92,168.49768,E480000_N176000
482352.4797001062,138887.7065839091,10.857688903808594,31.606651306152344,611.8801456689835,7.53,168.84326,E480000_N136000
478415.55428122944,180981.34028436008,7.689238548278809,29.297584533691406,720.042453110218,13.58,186.83908,E472000_N176000
438671.16001107584,140805.29531937695,10.175154685974121,38.85783386230469,476.3438493013382,4.79,141.34656,E432000_N136000
481787.9343261985,113897.67653719823,6.947281360626221,42.55317687988281,466.84331875294447,10.58,181.69154,E480000_N112000
481495.7565788308,117384.44428497247,9.866606712341309,43.1959228515625,392.10498735308647,7.16,181.61935,E480000_N112000
468892.0434438395,141122.04303374418,7.673059463500977,28.945419311523438,716.948047876358,12.62,164.07819,E464000_N136000
477976.15276466863,181280.187666228,10.136354446411133,38.97537612915039,466.7591458559036,7.1,172.65686,E472000_N176000
475521.73190722556,129491.37467068294,14.064495086669922,47.778953552246094,211.50642275810242,2.5,150.75983,E472000_N128000
486451.3378090866,116115.20340822467,6.773453235626221,44.404693603515625,422.5119572877884,7.72,150.40207,E480000_N112000
481326.81374892493,111908.9064909354,6.657356262207031,27.854286193847656,755.5464488267899,8.42,188.93843,E480000_N104000
450342.58928408625,124043.0935783524,7.36520528793335,29.588462829589844,704.6660423278809,10.43,142.57364,E448000_N120000
485185.11901641387,112565.35066528995,7.9168243408203125,47.34436798095703,333.5539638996124,4.9,159.44202,E480000_N112000
491365.8087821662,122760.01904495645,8.72174072265625,37.217342376708984,519.6863523311913,9.41,181.17294,E488000_N120000
484327.22536057286,144317.4890959852,10.491052627563477,32.302223205566406,582.2141861915588,7.39,165.53577,E480000_N144000
469399.78976718,134838.57110705812,10.878095626831055,33.50556945800781,548.8023224473,5.67,152.88489,E464000_N128000
473092.5480938722,129936.51339135377,9.237024307250977,41.495941162109375,421.58119201660156,7.14,213.68423,E472000_N128000
489339.8819108525,132134.6573496122,11.007415771484375,37.29736328125,469.34266777709126,7.64,178.90765,E488000_N128000
482233.08289728366,113506.83934929257,6.408358573913574,34.059173583984375,625.1533600687981,15.3,156.17212,E480000_N112000
486542.09961785306,123304.24064679016,16.53536033630371,34.055274963378906,420.4851134121418,3.75,186.47807,E480000_N120000
496515.6702414376,116009.96668596346,20.32661247253418,42.191566467285156,181.07090413570404,2.07,141.16675,E496000_N112000
435607.8824979863,160985.476106045,9.230541229248047,42.534027099609375,390.7797273248434,7.12,181.9098,E432000_N160000
438242.56754917616,135133.9385000529,8.506834983825684,41.429359436035156,426.59392058849335,9.07,156.71088,E432000_N128000
500916.660295308,107511.60447192054,9.522161483764648,37.036293029785156,487.48549938201904,5.91,211.7598,E496000_N104000
491332.99069991,146622.73331086483,9.370370864868164,28.14244842529297,665.2096939086914,9.13,191.97186,E488000_N144000
475323.4199832342,126875.70015744104,8.92467212677002,38.116783142089844,473.51290583610535,6.36,164.68079,E472000_N120000
490493.1124258697,123732.44269893922,8.266844749450684,34.81824493408203,552.1601569652557,6.06,161.9685,E488000_N120000
499474.4322410813,141947.27769717158,12.28973388671875,37.714561462402344,412.0205423235893,4.91,186.37642,E496000_N136000
474356.96070152003,176606.5932538338,8.29179573059082,28.458106994628906,672.3153376579285,10.62,140.32932,E472000_N176000
507727.8815134474,109448.42146492361,6.190153121948242,49.3072509765625,293.04757833480835,6.58,202.39307,E504000_N104000
475496.3777420051,132548.76187465846,12.12347412109375,29.339500427246094,573.3097219467163,7.3,169.68799,E472000_N128000
490119.1311771667,147050.00832062887,10.024526596069336,33.59123229980469,526.7574016749859,6.35,177.41693,E488000_N144000
421272.06759580475,144297.47138394296,10.552863121032715,44.8486328125,289.20377373695374,4.73,150.88849,E416000_N144000
490848.1347034534,138562.02356377975,15.659882545471191,36.23573303222656,358.61008644104004,3.29,144.8565,E488000_N136000
446535.59436101356,155181.0798731819,8.756460189819336,37.992828369140625,458.58581602573395,4.16,196.30957,E440000_N152000
419986.94722507015,138838.96165960302,8.3684663772583,29.762229919433594,630.4680648446083,10.58,171.49683,E416000_N136000
457622.76534717646,166918.42006263894,8.47008228302002,27.640830993652344,670.4943948984146,11.14,188.51851,E456000_N160000
475797.2376686134,117303.48847712784,7.400262832641602,43.091339111328125,379.16635513305664,5.21,194.60507,E472000_N112000
501455.87746849115,143497.63373505152,11.135014533996582,36.40861129760742,437.43889033794403,6.21,154.7732,E496000_N136000
478853.4678292368,125367.9638467914,9.962089538574219,34.52649688720703,497.31594920158386,6.32,167.19666,E472000_N120000
497647.37632500293,141948.73872425492,16.347698211669922,26.984222412109375,517.8476119041443,4.16,208.80397,E496000_N136000
477189.7471013707,145852.38101418028,8.789669036865234,29.515518188476562,618.2162001729012,9.35,195.66429,E472000_N144000
481121.4804106953,149197.84629508446,7.965946197509766,35.805809020996094,507.56621062755585,4.72,194.40495,E480000_N144000
470582.84033225646,174922.46668310623,9.649429321289062,26.782089233398438,652.7538746595383,6.1,184.96515,E464000_N168000
485089.61000735394,111886.70277414267,6.427549362182617,32.29086685180664,603.9769732952118,9.97,175.65991,E480000_N104000
489467.6666601809,136254.3140649281,11.272967338562012,49.41912841796875,164.21431064605713,1.61,207.00981,E488000_N136000
474728.21620693605,126401.93686065373,8.996912956237793,35.69220733642578,483.0010771751404,8.01,153.41266,E472000_N120000
469502.90354190196,131730.7092814227,8.259984970092773,27.411331176757812,661.1893528699875,10.22,183.00458,E464000_N128000
471807.3683211823,120059.9225075533,8.720582962036133,34.42034912109375,511.5433692932129,6.75,156.48901,E464000_N120000
492811.2190132622,118838.83677848498,10.955707550048828,31.3138427734375,527.585119009018,4.63,161.09094,E488000_N112000
434531.7185807096,161193.5679216074,8.323917388916016,35.523956298828125,495.48007160425186,10.29,206.1319,E432000_N160000
491399.042856401,130101.97794611311,13.14068603515625,47.74482727050781,151.51483237743378,2.37,218.64162,E488000_N128000
437599.48366218444,140988.82940120218,8.493365287780762,41.36262512207031,370.71987330913544,3.67,215.49287,E432000_N136000
478049.69825000234,117122.38063654925,6.283002853393555,27.853057861328125,682.4861574172974,11.64,162.59613,E472000_N112000
474845.53360724833,135304.43887078928,15.91929817199707,34.30378723144531,360.62166452407837,2.93,164.61615,E472000_N128000
471790.7546095781,142361.98309958226,8.735932350158691,40.99403381347656,366.31670475006104,4.52,165.44617,E464000_N136000
508794.95632476447,111518.9300514778,6.603828430175781,34.32029724121094,541.955734230578,6.77,177.71155,E504000_N104000
477210.61377978843,139245.13275146167,7.640600204467773,36.729736328125,470.3302490711212,8.27,176.41125,E472000_N136000
478357.50100851693,126212.15687810842,14.296048164367676,36.70237731933594,335.423187315464,2.35,198.30893,E472000_N120000
473284.39573158976,129035.6573671673,11.036406517028809,45.178070068359375,230.5880245566368,3.58,157.9925,E472000_N128000
483533.95509162196,143693.96434971123,9.62354564666748,27.928726196289062,602.5400024652481,8.63,160.19751,E480000_N136000
476188.9071547113,139471.86771358486,9.316237449645996,34.046058654785156,483.3009648323059,6.62,175.66174,E472000_N136000
478896.9886184846,113525.02153857595,6.511704921722412,32.40723419189453,566.1114862561226,9.78,197.90164,E472000_N112000
488071.8280309161,110922.1694380753,13.014668464660645,42.720489501953125,222.6210966706276,3.14,170.19592,E488000_N104000
455177.07967099524,125631.04457178073,6.399115562438965,30.062644958496094,604.0224254131317,11.38,146.7406,E448000_N120000
465166.23683550605,124701.61547351745,7.306581497192383,29.22284698486328,599.6255806088448,10.49,171.87048,E464000_N120000
428282.06812402274,155211.35668563624,8.06634521484375,33.513427734375,498.5983717441559,8.6,183.704,E424000_N152000
494806.00722877606,144440.76275635933,15.588915824890137,30.799732208251953,399.5801132917404,3.96,147.4414,E488000_N144000
480363.2369405605,180023.29024368883,8.140620231628418,29.615699768066406,571.662466772832,7.28,179.6449,E480000_N176000
507659.03828341985,111807.40295977525,6.038244724273682,28.9678955078125,626.5912955999374,10.24,150.59436,E504000_N104000
477185.0283830775,112800.44173120092,9.282685279846191,41.769142150878906,304.6913355588913,3.45,168.84424,E472000_N112000
462841.5861254208,180324.05225654328,9.723491668701172,29.288192749023438,542.2791641950607,7.46,197.83377,E456000_N176000
460026.8109351721,117411.8284684439,8.824203491210938,40.32280731201172,339.154908657074,4.79,141.42792,E456000_N112000
485549.434509836,124702.61148487516,12.658059120178223,37.684471130371094,313.8690523430705,2.89,177.43799,E480000_N120000
491700.0272388851,111506.63907760534,6.87026309967041,36.93707275390625,442.9422056302428,11.78,182.52925,E488000_N104000
503106.674366179,112327.44394775445,16.638315200805664,32.482147216796875,336.58874213695526,2.13,169.42395,E496000_N112000
476132.2080339085,132719.5940256828,8.06010627746582,33.418006896972656,487.23825216293335,7.24,169.12048,E472000_N128000
464400.9113398755,86493.10428226847,15.6324462890625,36.468971252441406,272.8229483962059,3.0,153.44757,E464000_N80000
434850.1023384555,159744.00590370983,8.448507308959961,33.52290344238281,474.99013245105743,6.05,163.06824,E432000_N152000
496143.9785109123,138310.19446455184,11.744104385375977,37.996795654296875,317.3873233795166,4.66,170.21338,E496000_N136000
482886.1154128926,124976.37880747775,9.41450309753418,35.48881530761719,412.62837313115597,4.69,181.10707,E480000_N120000
509711.77826384007,150274.36671902527,14.119152069091797,31.790863037109375,390.1176846027374,3.85,190.21193,E504000_N144000
487895.4935235977,113451.04315368095,8.208501815795898,41.15966033935547,319.52530205249786,7.57,199.797,E480000_N112000
419635.6982386879,138295.0952303617,8.1839017868042,30.28081512451172,536.1369132995605,9.38,167.10852,E416000_N136000
492671.87555728835,144225.36737345456,8.982641220092773,28.923046112060547,546.4870271086693,6.05,184.81378,E488000_N144000
441294.58274233266,156261.4458753669,6.375730037689209,35.57185363769531,463.5080310702324,10.35,157.55304,E440000_N152000
474824.98618121125,127960.73959461843,14.206607818603516,36.179656982421875,294.00710582733154,2.38,149.4942,E472000_N120000
496279.735472008,113452.13542962197,15.487712860107422,39.79600524902344,191.933171749115,2.59,216.95665,E496000_N112000
495343.25099128817,113373.97632385047,14.296445846557617,40.222076416015625,204.96444404125214,2.58,214.92944,E488000_N112000
507360.79794948734,119941.04073721525,12.773107528686523,31.134227752685547,412.1845653653145,2.91,156.01282,E504000_N112000
502675.58926518913,120704.91341241915,10.946206092834473,34.16808319091797,384.8391515016556,3.71,190.36775,E496000_N120000
468977.2449805789,132148.0347005379,9.524890899658203,31.292694091796875,470.6620466709137,7.46,214.58086,E464000_N128000
499668.63839167106,143876.10710527343,9.507530212402344,31.888141632080078,458.07097494602203,5.15,168.22614,E496000_N136000
467365.7761638903,115792.19388801076,7.702165603637695,36.71868896484375,395.7613855600357,6.24,160.96289,E464000_N112000
485110.7957231214,132097.44796666407,10.361676216125488,29.14893341064453,492.78541907668114,6.75,190.32277,E480000_N128000
492748.84692745825,111570.9065635659,6.17119836807251,27.891448974609375,600.0305554643273,13.32,178.28522,E488000_N104000
472203.65753210546,117470.29307976963,6.648280143737793,34.575775146484375,453.43463867902756,8.53,162.24463,E472000_N112000
436154.17228527955,163405.48581742906,10.882574081420898,27.200927734375,516.219447851181,6.28,211.99902,E432000_N160000
491118.8321680909,160336.93932457818,12.701777458190918,35.12254333496094,319.3198785185814,3.23,154.77698,E488000_N160000
462233.270117015,123958.06120793328,7.0887675285339355,27.389801025390625,586.2025120854378,11.01,156.52893,E456000_N120000
436972.8230942388,161693.96119845618,8.699117660522461,47.248779296875,156.52631908655167,2.34,208.5878,E432000_N160000
489022.0826484044,134411.8908148308,11.71725082397461,37.89192199707031,282.85562604665756,2.51,209.31125,E488000_N128000
503745.120575914,112316.8200113142,9.038580894470215,45.9280891418457,174.64083701372147,2.83,185.17432,E496000_N112000
430735.8454283169,154895.48519807152,6.509184837341309,27.25408935546875,595.6117197871208,11.97,177.75012,E424000_N152000
478618.9970655788,139875.66874072357,6.955877304077148,33.36713409423828,464.28627848625183,6.33,152.83905,E472000_N136000
434645.37156054215,134819.93348199563,6.8953680992126465,37.69757843017578,376.49566650390625,5.45,139.02325,E432000_N128000
504147.51308826613,110996.82680193268,6.4265618324279785,43.243412017822266,274.6933887153864,4.68,186.20229,E504000_N104000
506606.3710649546,112154.43693044166,6.463343143463135,26.87744140625,600.7092143595219,12.05,167.15436,E504000_N112000
477602.7160826149,117915.20433361101,9.21829605102539,32.093719482421875,439.79928500019014,6.3,180.86365,E472000_N112000
498372.3968481986,111682.94951633447,6.251259803771973,32.15277099609375,496.6018486022949,10.75,200.8446,E496000_N104000
499487.45057041873,139927.70271251237,11.945850372314453,38.740150451660156,250.053231716156,3.42,155.82574,E496000_N136000
499894.86344948254,108841.34711458799,7.936820983886719,40.1268310546875,299.65411126613617,7.4,188.51593,E496000_N104000
440628.7168082333,150754.76229869053,7.521513938903809,29.074119567871094,526.9862139225006,7.27,151.27103,E440000_N144000
492737.6666897366,138644.71040779763,10.995620727539062,32.31275939941406,387.81954884529114,5.86,200.97151,E488000_N136000
435456.50321059895,153889.17732831993,8.542306900024414,37.4642333984375,332.93156385421753,3.0,144.87976,E432000_N152000
488348.34132457216,122174.54470790671,10.631654739379883,29.92753028869629,441.61894142627716,4.44,169.27539,E488000_N120000
451769.8332330817,172694.15267748467,9.738550186157227,30.060073852539062,455.5052772164345,5.47,175.54663,E448000_N168000
489219.21325784596,137422.36769706066,15.400400161743164,38.972442626953125,163.5816353559494,1.27,218.83453,E488000_N136000
509379.4909928463,143454.1293296071,17.269916534423828,37.342437744140625,156.77635073661804,1.78,223.26555,E504000_N136000
490500.362054574,111351.92860326896,6.78570032119751,33.72434997558594,438.27828973531723,5.97,163.82239,E488000_N104000
469849.1206408155,134473.94684694236,8.47079086303711,31.28033447265625,453.4480145573616,5.47,157.53882,E464000_N128000
490441.2275314937,138243.8913658522,18.19247055053711,32.99775695800781,224.36242699623108,1.9,139.24796,E488000_N136000
439579.15525763796,151572.28736416154,7.502695083618164,35.54046630859375,387.12759137153625,5.11,155.87592,E432000_N144000
490141.9716855424,146093.82592851057,9.066333770751953,27.54730987548828,514.1671559214592,5.46,181.56015,E488000_N144000
499945.696728987,111166.96580571712,6.489359378814697,40.262596130371094,309.3434166908264,6.92,220.3688,E496000_N104000
467095.01282149233,120904.60410090849,14.171525955200195,39.87361145019531,163.0283099412918,1.88,210.8109,E464000_N120000
488558.91097491275,139269.07815557017,13.153000831604004,32.917747497558594,320.4641032218933,3.35,174.61188,E488000_N136000
471045.02697369456,141609.30021964782,9.2879638671875,35.63438415527344,337.5694154202938,4.21,188.26622,E464000_N136000
500138.8744381432,143397.18607430113,11.461445808410645,40.749969482421875,189.09890055656433,1.88,211.44676,E496000_N136000
441646.35691912635,156738.31637317946,7.5802741050720215,40.96064758300781,262.50161349773407,5.1,147.2301,E440000_N152000
489930.5362210331,134205.90864032658,7.766866207122803,31.25537109375,452.82390654087067,8.41,156.87463,E488000_N128000
499896.8121216145,113116.84268163555,14.248125076293945,33.847591400146484,269.89256381988525,1.78,144.00494,E496000_N112000
502351.11301023606,109384.73965297638,7.290556907653809,35.51124572753906,372.0014715194702,4.32,163.43756,E496000_N104000
491205.3090581792,159443.10787350257,11.592303276062012,34.613525390625,303.6059869080782,1.87,173.63171,E488000_N152000
474008.64945574675,119332.31058128705,8.112363815307617,31.24419403076172,440.48848377075046,8.75,180.16525,E472000_N112000
496394.6988227063,143759.08898636696,14.900678634643555,33.85397720336914,250.19413735717535,2.84,178.09912,E496000_N136000
471020.4615087147,142327.63070566172,8.737674713134766,34.25126647949219,363.12839061021805,3.5,186.90457,E464000_N136000
501032.52149331063,140867.42104946627,9.391425132751465,37.81120300292969,278.6402463912964,4.54,158.24866,E496000_N136000
478731.8927031096,140885.73268056908,8.26220989227295,35.74115753173828,342.5547128915787,4.04,167.37585,E472000_N136000
503821.80537711474,107555.849319095,9.046647071838379,29.870559692382812,441.48024559020996,6.92,203.6404,E496000_N104000
451377.483905195,156693.5970724589,16.075965881347656,34.22196960449219,213.63446474075317,1.54,159.16437,E448000_N152000
484690.8621085084,145229.2703081252,12.283164978027344,28.144973754882812,408.2790479063988,4.22,170.08679,E480000_N144000
423843.5297828287,145960.54603015317,10.273000717163086,42.53965759277344,159.89054203033447,2.9,217.4305,E416000_N144000
449163.11582784494,156027.71496118288,7.148812294006348,36.04756164550781,351.766517162323,5.95,193.4609,E448000_N152000
463808.394212533,182755.43876154834,11.96967601776123,28.276748657226562,406.7247402667999,2.8,220.03976,E456000_N176000
434118.8587558701,122316.81705728019,8.301074981689453,27.388051986694336,496.48091077804565,5.85,145.96869,E432000_N120000
486284.6964533663,115514.63947031206,6.343286514282227,32.560943603515625,431.99135079979897,7.22,192.34341,E480000_N112000
482510.0650849074,113963.86429149055,7.929254055023193,30.042816162109375,449.41972494125366,7.28,201.45134,E480000_N112000
440139.4870470827,173966.74427427494,8.198406219482422,29.520118713378906,451.270649433136,4.92,215.82799,E440000_N168000
479050.15272280347,141326.80921426028,7.838967323303223,34.81109619140625,351.9909191131592,4.0,146.23013,E472000_N136000
454035.21900050534,180279.4173745065,7.41926383972168,27.31365966796875,507.95092806220055,7.66,168.75098,E448000_N176000
494156.8747400263,111824.78625664885,6.577882766723633,29.856948852539062,473.7393921613693,9.46,188.29387,E488000_N104000
502335.82249717606,145787.1049167985,11.028385162353516,34.23340606689453,294.6752643585205,3.75,200.02942,E496000_N144000
486884.59136388655,145939.74168944272,15.708832740783691,29.979541778564453,283.55392277240753,2.27,211.67796,E480000_N144000
428658.4835781257,107862.11954714126,7.525325775146484,30.678504943847656,432.95970261096954,7.82,198.69055,E424000_N104000
511800.73816187086,133707.54734801193,6.350136756896973,26.97614288330078,527.5718422234058,6.53,172.78369,E504000_N128000
453969.2525785416,179178.61055112968,7.900298118591309,29.627059936523438,439.45827439427376,5.08,190.22513,E448000_N176000
439889.2741943091,128906.95340861879,8.292823791503906,37.03337860107422,281.45291060209274,5.54,164.1576,E432000_N128000
464510.23806427716,124777.5668399325,6.718892574310303,29.48345947265625,461.12941920757294,6.43,152.82263,E464000_N120000
428831.8143600962,154311.2552641283,6.702409744262695,34.15242004394531,367.6267394423485,8.74,166.77051,E424000_N152000
491811.32650103635,153960.02199555293,9.744758605957031,29.790771484375,392.9571866989136,4.06,159.9867,E488000_N152000
474292.13243795064,128376.87363400415,17.809473037719727,28.590194702148438,255.30335247516632,1.99,164.54901,E472000_N128000
441867.5964824562,157316.53683119625,7.892834663391113,35.44486999511719,313.2605892419815,6.73,154.01721,E440000_N152000
491474.62900557974,156822.39194007905,11.985877990722656,27.031776428222656,397.63936400413513,3.79,159.7077,E488000_N152000
474696.71290578344,134325.88397052095,9.805315017700195,33.96269226074219,301.33675932884216,4.06,145.7868,E472000_N128000
491071.9822865615,111259.371552274,6.751924991607666,29.13207244873047,457.3060515522957,10.75,172.42743,E488000_N104000
501570.3866757362,147501.57614944578,10.427196502685547,30.50884246826172,354.06325846910477,3.77,194.11868,E496000_N144000
485206.6130809224,113528.5725425333,8.42555046081543,28.736351013183594,425.2772903442383,5.62,147.07062,E480000_N112000
471767.0478957632,141141.19071520361,9.719756126403809,37.980316162109375,214.39679741859436,3.17,141.80634,E464000_N136000
488504.53959513624,132944.09667018513,7.330743789672852,29.393417358398438,430.45155353844166,8.06,177.7876,E488000_N128000
471839.0084569189,130925.12771642077,7.678565979003906,33.13667297363281,347.0061242580414,5.34,190.32231,E464000_N128000
483901.8117578588,144052.73695355776,9.733940124511719,28.569358825683594,395.5607604980469,3.18,157.00476,E480000_N144000
498265.34767126106,143469.7916906791,18.622222900390625,28.4949951171875,218.22564661502838,1.56,198.25655,E496000_N136000
488963.3848506222,133313.15563651797,8.486580848693848,36.47282409667969,259.62806552648544,2.89,204.12657,E488000_N128000
499950.34428425296,141402.2668767112,10.309417724609375,27.558486938476562,400.15877306461334,4.4,200.71535,E496000_N136000
495495.42096620105,109466.38962147436,6.6635003089904785,28.6429443359375,450.26735367719084,8.77,180.31412,E488000_N104000
477795.87005958933,113701.07624396592,6.700735092163086,33.5498046875,350.77552318573,6.52,201.89215,E472000_N112000
491683.8155332287,129583.71639824877,15.334678649902344,34.530548095703125,156.3994663953781,1.88,216.31496,E488000_N128000
470056.12751405104,139161.28728015895,7.260090351104736,33.098876953125,344.15247209370136,5.35,173.33484,E464000_N136000
489094.41764143493,144338.84524033478,11.003458976745605,30.485271453857422,313.8300007581711,3.97,158.11859,E488000_N144000
421843.3715496115,150327.56914829614,8.496472358703613,34.6309814453125,280.5647373199463,4.58,169.5719,E416000_N144000
471853.32481211517,131499.5463169869,11.321369171142578,32.00062561035156,274.49513852596283,3.3,212.03387,E464000_N128000
500164.31920225674,140656.84019578213,11.488612174987793,36.39405059814453,181.31057739257812,2.67,195.56635,E496000_N136000
480141.1547191221,125018.24204614517,7.063036918640137,35.95392608642578,275.9821665287018,3.52,201.51128,E480000_N120000
440744.56050818216,157134.75884320136,7.507333755493164,29.614013671875,391.91227078437805,2.52,187.42798,E440000_N152000
462239.8791066737,119154.62345833733,6.813026428222656,27.876052856445312,440.235253572464,5.29,201.34239,E456000_N112000
490996.6457207832,130499.27938934712,12.4854154586792,36.3739013671875,156.44848436117172,2.27,208.35384,E488000_N128000
474308.4264066578,126039.26780950549,8.647577285766602,32.437644958496094,310.97900027409196,4.27,181.19984,E472000_N120000
468440.3551829569,141354.33196936315,9.032951354980469,27.807968139648438,395.35648360848427,5.38,187.42238,E464000_N136000
470462.33157549956,123164.144944906,14.061225891113281,27.90850830078125,292.7594894170761,2.88,188.11638,E464000_N120000
420211.96910912584,143506.77383076813,8.237542152404785,28.580978393554688,393.7628108263016,6.19,159.92267,E416000_N136000
493343.86827743246,111513.09550893711,6.488856315612793,27.40998077392578,451.77147407084703,9.52,182.53569,E488000_N104000
490514.4852285818,130115.93230326966,11.03317642211914,31.580337524414062,274.53900285065174,2.36,185.0291,E488000_N128000
472231.859093622,138342.52191799873,7.662778854370117,26.813987731933594,434.2941465973854,7.72,159.21454,E472000_N136000
443313.66184926097,170787.55555183464,6.673469543457031,35.105255126953125,285.45189797878265,4.78,215.35556,E440000_N168000
424682.98562454025,144079.53860631166,14.086140632629395,27.279373168945312,293.66827741265297,1.61,173.7019,E424000_N144000
471457.0659012994,134156.25635230873,8.507464408874512,27.85833740234375,393.5264080762863,5.96,206.57458,E464000_N128000
483025.56959269143,142237.3507398771,8.45849895477295,29.673019409179688,356.1246585845947,5.15,182.28543,E480000_N136000
508187.0500914551,141581.7947951714,6.835704803466797,30.846969604492188,357.1864324808121,6.11,172.85962,E504000_N136000
498786.5177715287,139722.97906274413,12.641542434692383,27.824249267578125,297.28981494903564,2.96,192.4084,E496000_N136000
455918.64077816263,119576.06516320877,6.673173904418945,30.492218017578125,358.0274122953415,5.9,148.5216,E448000_N112000
470138.0575758514,120802.70630579608,7.524172782897949,32.9083251953125,292.04700887203217,5.75,206.06381,E464000_N120000
437344.593098482,158716.08312815716,7.169814109802246,32.722015380859375,297.87385404109955,4.35,215.43137,E432000_N152000
480312.24964725843,112074.09623540117,8.078628540039062,26.922500610351562,394.11747097969055,5.4,147.14081,E480000_N112000
491046.608023699,132938.28810306988,8.42982292175293,29.505264282226562,332.5953607261181,4.22,172.0592,E488000_N128000
487870.66903912195,135542.28329253534,14.080671310424805,27.427490234375,260.90558648109436,1.56,199.72647,E480000_N128000
450453.91046717676,170867.60387861275,9.895374298095703,33.02378845214844,227.63306260108948,2.17,194.85922,E448000_N168000
483620.7723453584,117295.11214332761,7.465564727783203,27.983734130859375,376.2297582626343,3.93,185.85373,E480000_N112000
506386.8565724484,109767.17511837702,6.943645477294922,30.29932403564453,339.9918931722641,6.22,197.38194,E504000_N104000
492236.50934191723,133946.4300205406,8.09048843383789,31.1134033203125,299.3721342086792,4.84,156.79547,E488000_N128000
459764.38802120124,168750.58785801995,9.058347702026367,29.097457885742188,319.0231682360172,4.04,174.55554,E456000_N168000
509226.63711820246,151127.7174252898,8.335259437561035,28.551559448242188,343.6197519302368,5.13,149.21002,E504000_N144000
500986.0645714635,121858.12149061522,9.276473999023438,27.408645629882812,347.13121607899666,4.02,175.23547,E496000_N120000
453852.70612355316,88188.54627803856,8.201020240783691,33.47252655029297,245.17372578382492,2.46,172.69464,E448000_N88000
491831.2328591467,154804.20073546178,11.455144882202148,28.836524963378906,271.71296417713165,2.5,152.40662,E488000_N152000
495111.3374639631,147107.27190632108,15.375731468200684,29.38689422607422,179.91002798080444,1.47,154.099,E488000_N144000
495073.56340532354,145030.44286812315,15.985967636108398,27.000263214111328,213.65973353385925,1.67,189.41104,E488000_N144000
490831.38198963413,152270.6875219488,11.851875305175781,27.89288330078125,275.7677835971117,1.91,182.2858,E488000_N152000
473317.65095670155,113698.35774294262,7.425205230712891,30.40961456298828,311.3383400440216,4.96,218.36382,E472000_N112000
460997.4199362711,170192.08830142725,11.069198608398438,28.38654327392578,277.48667418956757,3.34,138.72723,E456000_N168000
491861.75502963905,109205.65933600221,6.225498676300049,27.99591064453125,381.01741522550583,7.03,206.18312,E488000_N104000
491049.7054921314,114018.12047107972,6.968523025512695,31.349990844726562,295.8255234360695,3.99,197.48347,E488000_N112000
440272.617343632,155454.50768922496,6.838453769683838,27.085769653320312,383.0807375907898,6.85,214.3098,E440000_N152000
440174.5849089981,158412.2976940811,9.057872772216797,31.273513793945312,247.91281461715698,3.03,165.20172,E440000_N152000
482978.0910199289,136882.95294722958,10.093714714050293,28.525558471679688,279.4529926776886,2.57,210.17548,E480000_N136000
475566.18202586606,137597.90406448665,7.211317539215088,28.649452209472656,331.9670647382736,5.02,174.63586,E472000_N136000
505475.0944965311,146646.14131986795,9.135109901428223,27.946060180664062,307.1269690990448,3.61,199.7888,E504000_N144000
490737.7302571167,151750.45498884263,10.920412063598633,28.489837646484375,258.99330765008926,2.88,168.77374,E488000_N144000
489015.37144063844,163926.85450052636,10.901135444641113,31.59758758544922,194.99684661626816,1.39,164.943,E488000_N160000
491921.70508400514,113566.80701684543,9.822929382324219,29.462860107421875,255.64393639564514,3.51,150.16498,E488000_N112000
486239.39003733394,134646.0384246504,10.656442642211914,32.90458679199219,170.100117623806,1.72,184.01093,E480000_N128000
488669.6714142854,111691.54394742499,6.972801685333252,28.601348876953125,326.5248769521713,5.05,202.70912,E488000_N104000
488399.86061918014,126464.01471108668,8.32387924194336,30.020767211914062,268.16720962524414,2.44,146.93188,E488000_N120000
468973.74454594206,114762.18083294632,6.64647912979126,32.64204406738281,247.15128779411316,2.35,140.04156,E464000_N112000
491036.062482386,160858.1950705884,11.565606117248535,28.673309326171875,227.73232400417328,1.52,170.03839,E488000_N160000
465183.07257648185,172544.345970901,9.368317604064941,31.26319122314453,219.48806703090668,2.89,208.2814,E464000_N168000
469093.8172441085,115262.37136461906,7.071449279785156,35.967529296875,158.07652950286865,3.24,146.5503,E464000_N112000
466530.942698158,172443.86579435604,8.447188377380371,26.975296020507812,306.53266221284866,3.15,168.91248,E464000_N168000
468337.1825130236,132923.54312516793,8.181601524353027,28.187393188476562,286.90982937812805,4.41,210.0332,E464000_N128000
487629.15309880214,115827.50107181583,6.919926643371582,29.903419494628906,273.16433906555176,4.4,202.34383,E480000_N112000
462342.05216451606,144985.3481005095,9.911931037902832,31.831619262695312,168.38272631168365,2.7,144.018,E456000_N144000
513351.8348805967,142234.86749509018,8.344202041625977,30.45904541015625,214.81576718389988,3.25,184.9911,E512000_N136000
478518.6590654419,139372.98323884737,7.735740661621094,27.764442443847656,280.0990329310298,3.96,180.1431,E472000_N136000
488224.2622592532,115576.37879962217,6.629060745239258,28.49908447265625,279.33974355459213,4.06,186.98239,E488000_N112000
494385.641230175,139080.79873744538,9.192968368530273,29.338844299316406,210.04467606544495,2.94,152.19678,E488000_N136000
468537.03774629766,137233.51956951446,7.2108941078186035,27.707305908203125,277.61432707309723,2.44,162.14075,E464000_N136000
434421.2293612195,117896.59008313826,9.493566513061523,26.98002815246582,242.9780876636505,2.57,139.4372,E432000_N112000
501571.7401088506,139406.34930117798,9.13382625579834,27.06018829345703,239.08224284648895,1.65,160.22998,E496000_N136000
437775.70774878346,160859.37038219182,8.498011589050293,27.651290893554688,232.68156945705414,3.02,203.5585,E432000_N160000
494101.5633210528,128375.54608945885,8.22852611541748,27.621856689453125,236.5374106168747,2.59,208.49553,E488000_N128000
462060.3458201653,144462.30365399108,6.736485481262207,26.8746337890625,280.2146774530411,3.07,158.56775,E456000_N144000
500785.625429188,142298.30023760616,9.417563438415527,29.46123504638672,174.4265279173851,1.57,153.44122,E496000_N136000
445791.6746558793,122090.00045505696,9.233567237854004,27.057472229003906,225.44753938913345,2.23,157.42358,E440000_N120000
488591.54865199025,134000.16857951626,11.691191673278809,27.377517700195312,165.98646521568298,1.78,141.65399,E488000_N128000
427098.8764013883,154676.51513952407,7.707757949829102,26.933090209960938,254.42480206489563,2.03,201.33171,E424000_N152000
449761.755671663,168450.80132614993,8.420408248901367,26.811416625976562,237.53284573554993,2.61,156.00598,E448000_N168000
488925.44515998894,109530.73561388646,6.294673442840576,27.38623809814453,265.0270761176944,5.49,183.51369,E488000_N104000
470532.452105459,182090.1477481927,9.539470672607422,27.01123809814453,165.62536120414734,2.09,219.99924,E464000_N176000
