k,f,e,lat,lon,alt,low,d_junction_m,d_major_junction_m,d_any_road_m,d_major_road_m,d_agri_edge_m,d_urban_edge_m,d_wood_edge_m,d_place_m,agri_inside,urban_inside,big_agri_near300,junction_300,junction_500,major_junction_500,major_road_300,any_road_150,agri_edge_300,wood_edge_300,urban_near500,place_near2000,road_agri_boundary,surface_boundary_300
t,0,1,51.37295,-1.8594,263,1,1220.1267104402814,1220.1267104402814,1171.9908959222953,1171.9908959222953,284.7255452129709,1285.042973808287,251.20636157677666,1774.4404346127326,0,0,1,0,0,0,0,0,1,1,0,1,0,1
c,0,1,52.07273,-0.79805,271,1,530.3628100775996,634.1831757089055,414.4063811560142,628.0580362733737,470.7783478001523,404.5262219508932,530.9644051930499,580.1123687616018,0,0,0,0,0,0,0,0,0,0,1,1,0,0
c,0,1,52.07135,-0.796,233,1,638.3990997660967,675.7283256375093,547.4776030205993,631.9072599038909,675.9370196019621,523.3205501330181,505.76918557931884,786.0481606458507,0,0,0,0,0,0,0,0,0,0,0,1,0,0
c,0,1,52.07475,-0.79948,366,1,300.0489388426402,466.434919197873,215.994684293209,463.62053277487166,283.5388048958513,211.14391461452115,704.9245773325217,383.1938358024538,0,0,0,0,1,1,0,0,1,0,1,1,0,1
t,0,2,51.37418,-1.851,429,1,1548.8547690202415,1120.0794206966161,1038.231106240664,1038.231106240664,18.340298644404346,1307.4216255816475,212.5294151825741,1780.507418546929,1,0,1,0,0,0,0,0,1,1,0,1,0,1
c,0,2,52.07653,-0.79812,431,1,324.81996585596147,377.2173629485974,273.8223089557061,276.0076229623345,348.23769711299883,269.62213257894336,735.4797274602254,458.075317896751,0,0,0,0,1,1,1,0,0,0,1,1,0,1
c,0,2,52.077,-0.79563,439,1,265.61242064470207,245.53897640751273,173.42794776685363,173.42794776685363,525.701594747277,177.2001593393137,781.912739143084,393.2741679161492,0,0,0,1,1,1,1,0,0,0,1,1,0,1
c,0,2,52.07682,-0.79278,509,1,173.25004951594252,172.7332874711353,2.8834419299498575,172.47797206017668,715.1336628348048,17.509555852942068,696.6594210707523,275.55115423286566,0,1,0,1,1,1,1,1,0,0,1,1,0,1
t,0,3,51.41292,-1.75973,1366,0,229.8183763682568,596.8164380097826,68.79153064083367,584.4991960542409,7.998896922432087,7.998896922432085,7.998896922432085,408.28435677951154,0,1,1,1,1,0,0,1,1,1,1,1,1,1
c,0,3,51.42985,-1.73388,1368,0,257.7979555614228,297.0158319529213,182.441695272777,255.8270579983863,26.23474013004122,274.50103375843906,29.761564762308595,1082.4091737075782,0,0,0,1,1,1,1,0,1,1,1,1,0,1
c,0,3,51.4323,-1.72288,1373,0,413.1055742968007,540.0191631130925,64.38973977098841,540.0191631130925,50.56493249162263,357.33252864943887,102.28549860204161,1479.599201979709,1,0,1,0,1,0,0,1,1,1,1,1,1,1
c,0,3,51.43232,-1.71835,1357,0,660.3381898618738,824.3983059761008,243.230096691915,819.0241488684505,17.89103744295146,624.2789320290194,75.4511552360164,1545.586897360055,1,0,1,0,0,0,0,0,1,1,0,1,0,1
t,0,4,51.4799,-1.61417,987,0,291.5096203484257,295.2918271799791,253.9816631154627,253.9816631154627,60.94936372825015,237.42825837218848,187.91046753954757,389.45841681093987,1,0,1,1,1,1,1,0,1,1,1,1,0,1
c,0,4,51.52298,-1.55255,1180,0,248.62582569282972,374.9129773315909,10.978302106662408,158.41823642088542,11.17493310693518,20.013780502085748,351.60485845831784,360.41937736624504,0,0,1,1,1,1,1,1,1,0,1,1,1,1
c,0,4,51.5197,-1.55772,1249,0,178.12084058636557,169.46213790290432,164.35198424151332,164.35198424151332,10.764528066302388,275.8667474463955,10.764528066302384,770.3537787087197,0,0,1,1,1,1,1,0,1,1,1,1,0,1
c,0,4,51.43168,-1.70293,1244,0,492.69249912966046,676.0756179350836,308.02719800157433,667.725090201913,96.65611450810964,530.8424313505366,492.6667017983671,699.3774331112097,1,0,1,0,1,0,0,0,1,0,0,1,0,1
t,0,5,51.53707,-1.52937,1100,0,122.10923049577622,593.0557091264814,18.056165201729225,556.1665540788972,561.121735374172,898.4699962379267,74.47891022067773,2063.3156944609705,0,0,0,1,1,0,0,1,0,1,0,0,0,1
c,0,5,51.5165,-1.56238,1315,0,640.4898204198439,444.01618432625315,443.89756662606527,443.89756662606527,52.361738568976286,709.7939512997036,107.98901901537917,1222.450023375841,1,0,1,0,0,1,0,0,1,1,0,1,0,1
c,0,5,51.85865,-1.00133,1133,0,773.7437271291666,486.0912592401429,144.84160274925145,191.66636753749867,507.50791118769376,607.6585893984629,383.58275322563793,2249.7538977724003,0,0,0,0,0,1,1,1,0,0,0,0,0,0
c,0,5,51.51335,-1.56673,1371,0,811.536649741082,755.1691587647584,755.1238149231428,755.1238149231428,30.02182091485598,742.0909183158425,303.79457831026247,1669.9364592607424,1,0,1,0,0,0,0,0,1,0,0,1,0,1
t,0,6,51.601,-1.44007,1148,0,174.27523485255765,527.825697259288,123.45609891200243,526.408692659922,20.4576227816802,167.65975270893176,151.7587561542446,1250.4700259052918,1,0,0,1,1,0,0,1,1,1,1,1,1,1
c,0,6,51.59255,-1.46302,1357,0,513.5778907259729,572.4088358509997,272.57150528437836,272.57150528437836,22.594920586163113,434.0937883105609,22.188189707405574,614.9329869445763,1,0,1,0,0,0,1,0,1,1,1,1,0,1
c,0,6,51.59007,-1.46692,1399,0,360.37689935071273,744.613892617044,58.89477070370443,647.4177663066545,56.17472356799449,350.58200415863627,243.28027204690156,517.8573774873543,1,0,1,0,1,0,0,1,1,1,1,1,1,1
c,0,6,51.85643,-1.00775,1214,0,1189.4591813496143,136.22005017509494,136.22005017509494,136.22005017509494,785.9576416640227,1004.4481084512213,302.100713958549,2037.597497958409,0,0,0,0,0,1,1,1,0,0,0,0,0,0
t,0,7,51.64232,-1.38885,1411,0,594.4209197709923,509.66690434209215,72.4241734818309,72.4241734818309,123.32561573857633,520.0925782152825,667.524156501203,1013.8104687860671,0,0,1,0,0,0,1,1,1,0,0,1,1,1
c,0,7,51.58742,-1.47078,1429,0,411.6558590122047,571.9913423753184,199.60572214416777,495.37925296943405,151.46041697261816,359.07145203418514,262.8828758329057,653.8316036281237,0,0,1,0,1,0,0,0,1,1,1,1,0,1
c,0,7,51.68303,-1.32165,1444,0,82.57596589988397,14.64036599423499,14.64036599423499,14.64036599423499,1.2465755196431851,1.2465755196431847,84.8557696879853,1154.0469864333947,0,1,1,1,1,1,1,1,1,1,1,1,1,1
c,0,7,51.51055,-1.57153,1412,0,1036.0445200025288,1024.1048345165987,768.6636984863076,1024.1048345165987,382.02014931239097,973.0516284458024,235.78124825544793,2100.2711143595034,0,0,0,0,0,0,0,0,0,1,0,0,0,1
t,0,8,51.72353,-1.25333,1227,0,149.35934182214038,210.92261953917117,90.2865437925948,137.78707997926628,216.0374466618548,34.912753954889304,27.80311567018067,963.2437250406138,0,0,0,1,1,1,1,1,1,1,1,1,1,1
c,0,8,51.8544,-1.01322,1271,0,1299.6549443112772,441.0235772830025,193.4632969626905,197.0295608434709,1122.0058409521757,1400.3607752401638,117.17181038607055,1906.4646562153148,0,0,0,0,0,1,1,0,0,1,0,1,0,1
c,0,8,51.95557,-0.85198,1232,0,739.7433318518185,932.0010522031968,491.3895784992872,610.7288720496898,6.594706039543602,1320.5654077951026,6.594706039543601,1461.135504441181,0,0,1,0,0,0,0,0,1,1,0,1,0,1
c,0,8,51.85248,-1.0188,1316,0,905.6320255315562,870.2066235310785,135.76713842656665,211.64200597419267,1151.5881511792113,1108.6660597244572,190.3186684925484,1660.8851162226235,0,0,0,0,0,0,1,1,0,1,0,1,0,1
t,0,9,51.81988,-1.0815,1215,0,581.1510820788433,542.233928988482,150.53625026265988,150.53625026265988,91.70160014524636,507.2389347727025,341.67293892461726,947.4945259269415,1,0,1,0,0,0,1,0,1,0,0,1,0,1
c,0,9,51.8105,-1.10107,1348,0,168.4855429941881,128.27910767441512,6.585123459760183,6.585123459760183,17.648264110895212,228.62506742098222,46.893890000578956,462.75491042243203,0,0,0,1,1,1,1,1,1,1,1,1,1,1
c,0,9,51.9521,-0.85472,1278,0,1134.2877411008117,1105.8201040221131,639.4794506052828,672.0343332435978,158.0592573962421,1038.846850945437,243.86070571483765,1873.1200670958408,1,0,1,0,0,0,0,0,1,1,0,1,0,1
c,0,9,52.02232,-0.80842,1200,0,52.42540506846065,262.27121168778893,0.4519609333899064,237.5936462723167,137.49725335166082,35.733287404029355,155.03880404048363,2806.7754191618405,0,1,0,1,1,1,1,1,1,1,1,0,1,1
t,0,10,51.8692,-0.97657,884,0,686.8809170996905,1258.7531377189534,194.53466222321575,1249.4942931515673,544.3111611788328,639.8101542795243,410.80083769210205,2467.6522768784007,0,0,0,0,0,0,0,0,0,0,0,0,0,0
c,0,10,52.08092,-0.7744,877,0,887.6478911411167,648.9274138855083,413.35397873203243,648.9274138855083,439.52181740877137,840.33574311946,78.34248376921808,1151.5119056969513,0,0,0,0,0,0,0,0,0,1,0,1,0,1
c,0,10,52.08013,-0.7772,815,0,855.9543801390976,590.6114826614532,466.04263650505777,590.6114826614532,395.6203795559434,744.62804217655,43.20329455338933,948.0965937700406,0,0,0,0,0,0,0,0,0,1,0,1,0,1
c,0,10,52.07917,-0.77963,803,0,701.8220946953829,581.853967225717,511.4487916086734,565.1614778874679,383.83074646800867,604.6799736104362,19.41090722761545,773.5966731624878,0,0,0,0,0,0,0,0,0,1,0,1,0,1
t,0,11,51.90533,-0.91893,1188,0,980.6193341208229,980.6193341208229,422.7329091447715,505.6598503636157,71.6536459168896,1424.180619469361,71.6536459168896,1502.9445777161495,1,0,1,0,0,0,0,0,1,1,0,1,0,1
c,0,11,52.02628,-0.80658,1143,0,87.36904629786589,129.04873278350055,7.830636902045707,87.12844465508161,93.93735148911304,25.366810513960754,77.90506707928431,3260.7060036919156,0,1,0,1,1,1,1,1,1,1,1,0,1,1
c,0,11,52.05502,-0.77278,1211,0,18.887877556486718,84.37496168662297,18.686402813634096,84.37496168662297,27.413153923131645,24.640182355444512,56.064022414470465,1842.826618357316,0,1,0,1,1,1,1,1,1,1,1,1,1,1
c,0,11,52.04087,-0.78993,1231,0,92.00866452440944,125.19368966560091,91.77435222837981,91.77435222837981,131.0513703498272,128.94465046072986,38.67546850633188,2093.7519604643,0,0,0,1,1,1,1,1,1,1,1,0,1,1
t,0,12,51.97037,-0.83897,1000,0,633.5209378995,474.3349456119281,440.46046990977374,473.8543807569842,118.49229735214476,350.1738410003021,152.0804576868015,733.3907092636595,1,0,1,0,0,1,0,0,1,1,1,1,0,1
c,0,12,52.03035,-0.80373,1090,0,56.073421049601635,249.18534503870032,35.02603128343774,245.9460498783067,159.7429594883849,4.696828976846132,218.4344076871244,3249.299142338846,0,0,0,1,1,1,1,1,1,1,1,0,1,1
c,0,12,52.02982,-0.80547,1123,0,72.38402895892266,177.0077961546459,29.600933712946322,161.7848186639007,32.51615501214477,96.11597751984304,144.99107251173558,3339.236006492958,0,1,0,1,1,1,1,1,1,1,1,0,1,1
c,0,12,52.05833,-0.77295,1142,0,38.467243934484145,38.467243934484145,37.474859431431625,37.474859431431625,26.196261008979437,71.62258660338682,15.826328542084966,2174.882709436429,0,0,0,1,1,1,1,1,1,1,1,0,1,1
t,0,13,52.07113,-0.77503,881,0,29.02955668560917,368.0922320852941,9.924205742180707,229.7953782827897,350.08058185556536,65.45827706217891,131.78831049008951,1398.0704769565423,0,1,0,1,1,1,1,1,0,1,1,1,0,1
c,0,13,52.07828,-0.78165,750,0,597.6548991705512,564.6997501116034,437.2941413195182,564.6663255136441,442.21271514496686,513.2008906519279,7.029217823758502,640.1957337250674,0,0,0,0,0,0,0,0,0,1,0,1,0,1
c,0,13,52.07797,-0.78433,718,0,453.76413658882393,523.6257070194587,264.94764124427616,452.07966921826466,605.9485036940051,384.31523546014904,103.55527607907773,465.9943887251842,0,0,0,0,1,0,0,0,0,1,1,1,0,1
c,0,13,52.07772,-0.78732,673,0,336.3802243679607,358.7832878122877,122.7539715284034,301.5120864637241,802.1400105469158,230.89020842817533,309.5267442983082,285.34025469778913,0,0,0,0,1,1,0,1,0,0,1,1,0,1
t,1,1,51.51757,-1.70018,257,1,342.96336920823325,919.2056913366339,208.4759386604656,208.4759386604656,59.57403491664085,271.8040048027866,271.8040048027866,1595.2328212379782,1,0,1,0,1,0,1,0,1,1,1,1,0,1
c,1,1,51.35873,-1.4844,258,1,954.8793644823961,2768.8565839676403,639.0827730401089,1832.7883592093401,176.07217667136894,1064.2060529508472,128.73995860071673,1744.7775073360099,0,0,1,0,0,0,0,0,1,1,0,1,0,1
c,1,1,51.3587,-1.4848,267,1,981.1749517418382,2741.0856557195407,666.3031755965782,1836.8799935410477,167.21073535044104,1078.9424248794114,119.56829098316447,1751.2608312216819,0,0,1,0,0,0,0,0,1,1,0,1,0,1
c,1,1,51.35945,-1.48175,272,1,804.1631998173798,2952.8013576043595,438.18457281322003,1758.6473776092225,161.3871752868737,1032.6527358857356,132.2061197575677,1654.8694017309954,0,0,1,0,0,0,0,0,1,1,0,1,0,1
t,1,2,51.42035,-1.53733,811,0,218.4627607807388,445.519561204441,65.43836662247692,405.6393046090897,61.84386557493562,645.6761037302228,211.36369678651045,1451.4307978622403,1,0,1,1,1,1,0,1,1,1,0,1,1,1
c,1,2,51.37298,-1.4762,810,0,495.75778386534995,1812.034989169484,31.787216249210694,589.3951982621974,325.84128280957566,318.21799198261516,130.2180038490116,414.0104718343956,0,0,0,0,1,0,0,1,0,1,1,1,0,1
c,1,2,51.37773,-1.47945,805,0,378.25876144011005,1280.0148470598974,136.52216719880053,410.620727797996,49.96361404771187,242.86928536886222,59.11017572065615,410.4574399110011,1,0,1,0,1,0,0,1,1,1,1,1,1,1
c,1,2,51.38802,-1.48128,827,0,201.87475043533357,908.7339263809856,75.11259208855536,866.3430598255416,7.1699970905228,747.8539935645116,84.51061591619816,1522.9116601800515,0,0,1,1,1,0,0,1,1,1,0,1,1,1
t,2,1,50.96157,-0.86478,230,1,639.5721427415158,567.6643674611718,402.25585480161794,566.321296022371,183.79622517263513,886.7276157240166,18.29216061274402,1487.3518375799395,0,0,1,0,0,0,0,0,1,1,0,1,0,1
c,2,1,50.96188,-0.85533,240,1,605.6454377064065,632.3468865320891,464.9838634622018,524.8976826900029,176.86980688945837,1217.321909640477,7.137072452300536,1442.504598494404,0,0,0,0,0,0,0,0,1,1,0,1,0,1
c,2,1,50.96193,-0.8587,221,1,514.7927190688353,531.9298718446479,293.5124701356517,486.2998768209914,150.6745098327925,1211.6925990884858,48.50556182682212,1634.60398220009,0,0,0,0,0,0,0,0,1,1,0,1,0,1
c,2,1,50.96085,-0.86232,204,1,650.3699206481045,653.849756587385,386.3579232314113,650.3699206481045,97.23243577540754,1068.6904442904909,97.23243577540754,1674.5903254706661,0,0,1,0,0,0,0,0,1,1,0,1,0,1
t,3,1,51.3612,-1.48508,441,1,1096.711358246939,2727.618145458194,639.4852181182205,1559.9570575875282,63.331872330681406,1054.5802999950254,92.58565584318508,1478.6054161076183,1,0,1,0,0,0,0,0,1,1,0,1,0,1
c,3,1,51.3613,-1.492,973,1,1124.900065227394,2250.4480021291915,762.2877411329448,1646.5827295790793,112.504723002427,1073.0609301143518,178.81819988350063,1615.4951566957213,1,0,1,0,0,0,0,0,1,1,0,1,0,1
c,3,1,51.04708,-0.9997,670,1,527.5130943257124,1262.8940950336776,122.60258410460573,1136.2340074987699,26.44646589624365,717.4965282839821,504.03431671200053,1726.6536789779454,1,0,1,0,0,0,0,1,1,0,0,1,1,1
c,3,1,51.26738,-1.37292,959,1,259.6581579481001,473.07343129207135,179.72472870259156,179.72472870259156,111.28734983990476,253.28520393496927,189.2553683905826,2495.886606018665,1,0,1,1,1,1,1,0,1,1,1,0,0,1
t,3,2,51.3152,-1.42907,1116,0,921.411921884537,2355.3657154317657,196.7009647056986,2299.17190756181,11.96910893590623,1019.8107726016583,11.96910893590623,1037.402268276639,1,0,1,0,0,0,0,0,1,1,0,1,0,1
c,3,2,51.28578,-1.38722,1125,0,808.0996701439601,962.4642239164932,302.3128882878621,302.3128882878621,38.87487248331203,448.44799060603134,3.0550605775517505,3397.9385595293443,0,0,1,0,0,0,0,0,1,1,1,0,0,1
c,3,2,51.28775,-1.39193,1166,0,922.0005698424471,1102.6985828057318,53.14822431771198,53.14822431771198,92.03660028270983,353.8198721443721,79.1449865604305,3198.5998018030687,0,0,0,0,0,0,1,1,1,1,1,0,1,1
c,3,2,51.27378,-1.37535,1079,0,394.50999272585045,1196.2159687374658,67.04330997161014,244.01270925617885,54.04066819162226,160.16079087515138,68.16700708016423,2971.2990757813313,1,0,0,0,1,0,1,1,1,1,1,0,1,1
t,3,3,51.26233,-1.35755,909,0,860.6106361511943,860.6106361511943,614.0352447156572,806.4860385116784,175.43782059707618,867.2845493194608,175.43782059707618,3035.5161243681646,1,0,1,0,0,0,0,0,1,1,0,0,0,1
c,3,3,51.27042,-1.37223,1024,0,37.988270911097345,776.8755942086999,24.91873565491001,24.91873565491001,18.954434005945988,32.18343030063253,29.387581557989833,2785.2755852794003,1,0,1,1,1,0,1,1,1,1,1,0,1,1
c,3,3,51.28123,-1.3757,1010,0,1178.0308738726887,1183.2814111065811,108.42064540380306,108.42064540380306,17.214147454519452,566.2220917425506,17.214147454519452,3699.422426494304,0,0,0,0,0,0,1,1,1,1,0,0,1,1
c,3,3,51.28285,-1.37758,1016,0,984.6215044021205,997.7446265754174,163.19082792405655,163.19082792405655,60.967997686939455,719.5828242607629,60.96799768693947,3734.423234829874,0,0,1,0,0,0,1,0,1,1,0,0,0,1
t,3,4,51.23328,-1.278,1176,0,762.7979608104943,711.1940437545351,112.30334476112634,646.0710741747421,53.231822492645684,123.19235532328914,53.231822492645684,1556.737227890241,1,0,1,0,0,0,0,1,1,1,1,1,1,1
c,3,4,51.18675,-1.1861,1191,0,1482.605615009879,1412.5240069279826,947.9911363808341,1390.4086533484813,110.54450119904239,923.7165310322318,126.6519482702543,2941.3437202130526,1,0,1,0,0,0,0,0,1,1,0,0,0,1
c,3,4,51.18378,-1.18377,1138,0,1485.1686447617976,1780.0615217348318,803.9555733105791,1745.5045618757267,5.942463716799428,814.9718232845531,148.7650882052266,3302.0398835853057,0,0,1,0,0,0,0,0,1,1,0,0,0,1
c,3,4,51.16718,-1.15633,1165,0,1171.5952709902824,1034.516583917552,845.3628688615762,1009.9389328434971,26.514987065703014,735.240395096224,230.13688775991884,1677.095498411766,1,0,1,0,0,0,0,0,1,1,0,1,0,1
t,3,5,51.21082,-1.22152,1091,0,1061.3756140392982,1076.4377727716915,573.2396194714147,573.2396194714147,100.02450042676739,624.1294215288576,215.64645929102605,1776.6031301609257,1,0,1,0,0,0,0,0,1,1,0,1,0,1
c,3,5,51.1589,-1.14595,1101,0,682.0530792585955,407.01986690742547,149.04678822495018,149.04678822495018,2.0154486830694056,215.48478389674997,132.0595184476899,1609.0455625697218,1,0,1,0,0,1,1,1,1,1,1,1,1,1
c,3,5,51.15677,-1.14098,1076,0,829.9241454714389,560.9318269296298,198.7389746238486,198.7389746238486,79.60742066959,628.8032463839885,191.0008632850364,1665.104710782536,1,0,1,0,0,0,1,0,1,1,0,1,0,1
c,3,5,51.16128,-1.14915,1118,0,657.045620949558,372.05949314167276,188.07804534046736,188.07804534046736,34.24046396249597,180.37129801538381,63.35770535393668,1550.986445180446,1,0,1,0,0,1,1,0,1,1,1,1,0,1
t,3,6,51.17498,-1.16373,866,0,1449.5444735599997,1769.5679001921228,1398.5463254611852,1754.2537784268366,46.013168264871986,1309.047208911289,60.96386556898661,2190.2844734687014,0,0,1,0,0,0,0,0,1,1,0,0,0,1
c,3,6,51.149,-1.12178,858,0,1015.5557446483199,409.59008464175474,400.7402760994297,400.7402760994297,99.73784673476547,556.8009109514644,210.37090823112587,1429.191754099888,1,0,1,0,0,1,0,0,1,1,0,1,0,1
c,3,6,51.1509,-1.12678,914,0,1008.1951711100451,665.7846134899858,660.3042566514339,660.3042566514339,73.73038283114846,875.7815630151892,111.87673936791636,1828.6454445768459,1,0,1,0,0,0,0,0,1,1,0,1,0,1
c,3,6,51.14637,-1.11735,789,0,1089.4332082033764,555.4461543911191,199.71639746490945,299.18019340648794,57.99435464517596,344.5699571535764,85.66371640283054,1062.6570635762234,1,0,1,0,0,0,1,0,1,1,1,1,0,1
t,3,7,51.14267,-1.10247,780,0,117.7504054967389,208.2718177560894,117.7504054967389,208.2718177560894,16.39644121395201,78.29359586707668,16.396441213952013,277.6189533288519,0,0,1,1,1,1,1,1,1,1,1,1,1,1
c,3,7,51.05143,-1.00662,800,0,494.0154593532378,1507.6177797822909,274.9571102909309,942.0387330289103,33.437582470319924,1068.0299888606453,171.948516046209,2402.7040982609387,1,0,1,0,1,0,0,0,1,1,0,0,0,1
c,3,7,51.04922,-1.00333,740,0,520.1775607968132,1360.2929115913291,31.04839367419976,1033.1977507867653,82.05381712547286,855.3387448450176,457.77248072984696,2067.7994874122737,1,0,1,0,0,0,0,1,1,0,0,0,1,1
c,3,7,50.97105,-0.93047,811,0,215.01605684132375,1435.04601495893,173.37871762141793,1435.0392400918925,16.346118812137103,414.8473134165445,25.951659578839415,1518.3827826666773,1,0,1,1,1,0,0,0,1,1,1,1,0,1
t,3,8,51.10472,-1.05695,827,0,125.20674121591382,270.33656553031005,52.86833395398495,269.92539610872086,128.50714537380938,56.02507472214094,273.174045456206,1046.0484590271965,0,0,0,1,1,1,1,1,1,1,1,1,1,1
c,3,8,51.05328,-1.01057,877,0,713.4601465434897,1757.4023261095017,294.68210192320475,922.3221587322104,43.589259359058914,1369.6507390141846,47.73799872701054,2735.664447030601,1,0,1,0,0,0,0,0,1,1,0,0,0,1
c,3,8,51.05577,-1.0136,897,0,871.828890551669,1468.6447974450261,382.4344589814889,806.8185288259534,82.8184427339646,1648.3129681496155,72.09641445215453,3084.5144900648247,0,0,1,0,0,0,0,0,1,1,0,0,0,1
c,3,8,51.05852,-1.01643,932,0,687.1566925597756,1124.2192234259708,667.8290914846967,678.905989086592,22.133927971811758,1859.9501750706497,274.76268487308505,3421.3341064590663,1,0,1,0,0,0,0,0,1,1,0,0,0,1
t,3,9,51.03258,-0.9936,352,1,345.38563330938,2042.9967873595974,55.0449820604018,2012.744775899841,62.57113261896309,383.7898273286706,399.1488605754712,569.1449540916328,1,0,1,0,1,0,0,1,1,0,1,1,1,1
c,3,9,50.89232,-0.54892,331,1,373.13486912678354,373.13486912678354,178.11634878895796,322.5453275085098,510.6409727851499,189.86358140752736,57.02956203028838,334.9491671446255,0,0,0,0,1,1,0,0,0,1,1,1,0,1
c,3,9,50.89132,-0.55238,404,1,346.8386599842587,309.4180301608521,137.67077017349322,296.27913434003773,368.1706254156713,144.21662964427173,67.94895921914838,330.85027436107526,0,0,0,0,1,1,1,1,0,1,1,1,0,1
c,3,9,50.89283,-0.54672,299,1,476.7843920636404,452.28535214024015,289.51941259396244,325.5042063273312,491.707334448675,258.5276753850291,166.4860738652466,439.04688618673805,0,0,0,0,1,1,0,0,0,1,1,1,0,1
t,3,10,50.9535,-0.92238,510,1,850.1030546832079,1646.6378991292256,795.0898631343377,1531.0155752254373,436.1090108627052,1177.7666869395127,252.0740865418659,3104.6261537263545,0,0,0,0,0,0,0,0,0,1,0,0,0,1
c,3,10,50.96837,-0.92773,749,1,162.8937827608877,1450.2899156109918,136.65890358835478,1450.2757548903373,77.71616325733902,604.7380029224771,145.92023039957596,1831.4270298294282,1,0,1,1,1,0,0,1,1,1,0,1,1,1
c,3,10,50.88745,-0.56475,547,1,754.9380859203139,754.9380859203139,380.984446096257,380.984446096257,490.4695744650906,719.0698155964963,6.722192683386476,1148.8425666926946,0,0,0,0,0,0,0,0,0,1,0,1,0,1
c,3,10,50.88933,-0.56058,547,1,765.3821095637255,413.15448516960225,171.94441329901207,171.94441329901207,288.6867909526955,380.5701591323392,24.868422790784887,791.4829110690772,0,0,1,0,0,1,1,0,1,1,1,1,0,1
t,3,11,50.9222,-0.73715,495,1,1334.4632061076445,1315.1937570071475,193.7728006534179,1250.8908832584145,56.2428622478198,1065.088886360542,56.24286224781981,1416.7563205573317,1,0,1,0,0,0,0,0,1,1,0,1,0,1
c,3,11,50.89033,-0.55672,472,1,514.9471195392844,198.05154871326047,170.14735523444094,170.14735523444094,370.9775334737065,245.53046659675647,50.93013009653941,530.7855047208944,0,0,0,0,0,1,1,0,0,1,1,1,0,1
c,3,11,50.88633,-0.5688,593,1,476.4807115588938,476.4807115588938,391.17680733233226,391.17680733233226,554.3697991847425,1007.5145205552598,18.77448508743543,1447.9301138573126,0,0,0,0,1,1,0,0,0,1,0,1,0,1
c,3,11,50.88507,-0.57282,662,1,291.629283702036,291.629283702036,81.3454865236706,81.3454865236706,606.5855388439508,1314.2488330976269,24.483842781216783,1758.476632460984,0,0,0,1,1,1,1,1,0,1,0,1,0,1
t,3,12,50.88473,-0.64965,998,0,1482.8742350286902,1104.8519974405165,978.7412445754509,1063.0919410107028,600.3801674803238,1280.9939608860136,38.33220612762558,1468.9748060037698,0,0,0,0,0,0,0,0,0,1,0,1,0,1
c,3,12,50.88317,-0.59783,1012,0,1033.5883512954442,1552.7327709137392,107.01403189523107,656.5709609820744,275.5795513512264,2564.6968806505465,93.80103716932183,3104.5245342445164,0,0,0,0,0,0,0,1,1,1,0,0,1,1
c,3,12,50.88345,-0.59247,950,0,1183.8976386758877,1183.8976386758877,31.471234327373452,402.73858549512585,111.8228244701458,2610.94309704577,173.7380547708637,3058.4293598120203,0,0,0,0,0,0,0,1,1,1,0,0,1,1
c,3,12,50.9298,-0.77402,1017,0,1946.117395891298,1331.4304445230573,856.1211453747716,1148.5958550799935,66.93381463860165,1349.137191530471,66.93381463860165,2470.883048091771,1,0,1,0,0,0,0,0,1,1,0,0,0,1
t,3,13,50.8949,-0.54352,310,1,176.82931369039335,217.8265882051876,61.082565857034965,214.54153208848678,247.92854875838077,311.18667147962276,39.90630920449819,636.4225370308827,0,0,1,1,1,1,1,1,1,1,1,1,1,1
c,3,13,50.91212,-0.06843,316,1,519.708752299243,802.815823322617,430.3019753962751,518.4647661177636,4.389073128600382,355.89042472726,53.90853702007364,1146.7422605529516,1,0,0,0,0,0,0,0,1,1,1,1,0,1
c,3,13,50.90932,-0.06997,399,1,704.6277288537175,677.6483844518241,238.8136333834641,626.2013819552294,2.746011066187037,391.8923837155556,2.746011066187037,924.6650565839496,1,0,0,0,0,0,0,0,1,1,1,1,0,1
c,3,13,50.91553,-0.06695,213,1,519.3629009051838,657.0761976266054,417.5726117884588,417.5726117884588,214.70102117942682,275.33834687698874,199.01663808479745,1127.011684765844,0,0,0,0,0,0,0,0,1,1,1,1,0,1
t,3,14,50.88638,-0.50133,630,1,1829.9584583228248,1992.9852705260291,1478.9544094077821,1992.9852705260291,291.72419702777455,1961.9567898011749,467.38137714918133,2333.8167626954123,0,0,1,0,0,0,0,0,1,0,0,0,0,1
c,3,14,50.88452,-0.5778,727,1,289.0434070727101,289.0434070727101,109.51651194896598,109.51651194896598,629.0539423442948,1635.958935273152,96.55109640859877,2084.4563232079995,0,0,0,1,1,1,1,1,0,1,0,0,0,1
c,3,14,50.89395,-0.0988,629,1,858.5247693526431,858.5247693526431,662.0219196603107,662.0219196603107,263.2176973600335,1241.6506202437943,44.79731338428967,1408.6735557444954,0,0,0,0,0,0,0,0,1,1,0,1,0,1
c,3,14,50.89677,-0.0935,602,1,897.6460822673059,897.6460822673059,894.6767688871887,894.6767688871887,635.5016555905654,941.6175809977414,310.18454107471405,1148.56033441597,0,0,0,0,0,0,0,0,0,0,0,1,0,0
t,3,15,50.89515,-0.41595,579,1,416.5281561589578,416.5281561589578,285.85469904280313,405.08770669438695,33.807235054726135,851.210578568365,33.807235054726135,1138.6282270789866,1,0,1,0,1,1,0,0,1,1,0,1,0,1
c,3,15,50.90148,-0.0819,547,1,282.6912458809344,752.0791311247056,279.9220222105753,279.9220222105753,160.33176559581094,294.15500896977056,31.493230472912884,1295.7267776391247,0,0,0,1,1,0,1,0,1,1,1,1,0,1
c,3,15,50.89892,-0.0882,545,1,759.6202566881555,1095.5690001897467,602.7814029232046,655.6180087767447,473.79051093926535,659.5577489909816,265.93074393729086,1118.3344319127998,0,0,0,0,0,0,0,0,0,1,0,1,0,1
c,3,15,50.90353,-0.0787,491,1,159.38607450582157,499.28967032136575,47.88531380833533,47.88531380833533,59.151036939224106,101.05875648117684,9.866184493374693,1157.9467495626877,0,0,0,1,1,1,1,1,1,1,1,1,1,1
t,3,16,50.89978,-0.32132,692,1,382.46814687608725,981.5447209305456,136.0110181858961,436.81421848684096,112.081966851791,48.07230022450322,171.2650217572649,1233.8260835316962,0,0,0,0,1,0,0,1,1,1,1,1,1,1
c,3,16,50.89098,-0.1034,696,1,1088.5731939391726,1088.5731939391726,433.59221408054736,433.59221408054736,126.36772765793322,1621.5467292615863,136.104180748243,1773.4711972314442,1,0,1,0,0,0,0,0,1,1,0,1,0,1
c,3,16,50.88818,-0.10722,704,1,1381.1941595851642,1381.1941595851642,372.71258749099997,372.71258749099997,26.30795588186336,1688.4473689401138,171.58356281201836,1947.7755918700364,1,0,1,0,0,0,0,0,1,1,0,1,0,1
c,3,16,50.88582,-0.1119,744,1,963.0525781477968,963.0525781477968,367.2973090769001,367.2973090769001,12.542292312464548,1878.1331343364943,12.542292312464548,1792.0512789542531,1,0,1,0,0,0,0,0,1,1,0,1,0,1
t,4,1,51.10878,-2.27165,304,1,1644.153679902797,1079.6271789870084,1019.2575080037296,1044.182738462469,172.1128748289619,583.873744396403,441.30739172549437,2162.7160162777845,0,0,1,0,0,0,0,0,1,0,0,0,0,1
c,4,1,51.09875,-2.27498,363,1,608.4232536584061,967.5878974896443,133.49280074083478,452.69972790253473,149.57658470697146,499.9423004840433,33.4453934668657,1132.2714545513384,0,0,1,0,0,0,0,1,1,1,1,1,1,1
c,4,1,51.09705,-2.2772,373,1,570.2407624219221,839.7906047618357,109.81849488576859,288.25273840180034,42.22154823525121,454.46875667964775,115.01255475129986,1045.3429092657952,1,0,1,0,0,0,1,1,1,1,1,1,1,1
c,4,1,51.1004,-2.27727,375,1,848.7868235451707,1187.504482007957,161.39618968953548,657.0700098168572,214.2920887009177,737.6090184300053,100.00534367249534,1366.8587115360733,0,0,1,0,0,0,0,0,1,1,0,1,0,1
t,4,2,51.14672,-2.24895,1126,0,979.0297615779001,1504.8034245779425,552.4120101584446,552.4120101584446,207.40141489779907,840.7143764804313,121.06854587734674,2352.6212771184714,0,0,1,0,0,0,0,0,1,1,0,0,0,1
c,4,2,51.17383,-2.25287,1127,0,84.24082894232428,455.91908524256286,16.06395779366062,254.3783823935634,262.70520409055973,56.26752208671587,94.50280738398098,1295.431061613525,0,0,1,1,1,1,1,1,1,1,1,1,1,1
c,4,2,51.17825,-2.25417,1081,0,485.7156049108678,833.017158165722,225.96970301280504,363.7843997156815,370.60969395330306,195.2897179243934,172.0892245744799,1361.5234755276622,0,0,0,0,1,0,0,0,0,1,1,1,0,1
c,4,2,51.24295,-2.21628,1109,0,245.0822053073045,383.25155598451573,139.31774483105616,167.69986007822598,697.9747333162912,211.0837002647123,2.2499782029293423,604.2836849981675,0,0,0,1,1,1,1,1,0,1,1,1,0,1
t,4,3,51.201,-2.24015,751,0,109.76388461599771,172.77535598021595,46.852118290134165,46.852118290134165,39.48591201002296,409.95814787857296,57.855992552434856,1577.9911767709389,1,0,1,1,1,1,1,1,1,1,1,1,1,1
c,4,3,51.27308,-2.20007,762,0,184.52132863647753,357.7419809126538,91.73121630552389,289.88297422775145,426.9426135639724,67.43627681036357,48.631492904483935,1015.4168786261835,0,0,0,1,1,1,1,1,0,1,1,1,0,1
c,4,3,51.27387,-2.19682,737,0,177.98045985366048,177.98045985366048,110.05627827743707,134.7613275113126,438.2364614106765,114.31606650392767,284.81536317442186,939.5012833265287,0,0,0,1,1,1,1,1,0,1,1,1,0,1
c,4,3,51.2688,-2.20088,805,0,14.613406188913778,14.613406188913778,5.980761840614014,5.980761840614014,255.95752034774705,2.8716833772721095,262.7209324320453,1477.1325654275386,0,0,0,1,1,1,1,1,1,1,1,1,1,1
t,4,4,51.29655,-2.19145,443,1,247.58363531583194,247.58363531583194,194.67823794516772,247.58363531583194,78.375341426299,197.33573907622406,378.9099601169184,348.5486679747086,0,0,0,1,1,1,1,0,1,0,1,1,0,1
c,4,4,51.10502,-2.27795,452,1,1327.0853377743783,1381.7197424797316,435.2518079909312,1172.1214326141196,8.457624163125425,672.6033750279854,265.5448315819717,1856.3628312249396,0,0,1,0,0,0,0,0,1,1,0,1,0,1
c,4,4,51.1036,-2.27728,405,1,1163.4245222008647,1330.014590358619,446.0063455236511,1009.1829093178765,94.47425068451838,835.8896004140051,136.16149023513836,1692.1763727738476,0,0,1,0,0,0,0,0,1,1,0,1,0,1
c,4,4,51.2774,-2.19522,684,1,133.45424246208125,133.45424246208125,46.70958803661079,111.69473686408756,835.7453523914239,40.65544704263712,628.0481798645625,598.8980848744142,0,0,0,1,1,1,1,1,0,0,1,1,0,1
t,4,5,51.36103,-2.17123,1222,0,402.9337477395521,143.78502184039056,136.56772823569594,136.56772823569594,31.530892014245065,627.120272882505,527.1769028803619,1232.202909506855,1,0,1,0,1,1,1,1,1,0,0,1,1,1
c,4,5,51.41287,-2.17027,1215,0,308.9603462083242,207.89606960875395,107.09111849233379,133.50204943367407,251.7170890057027,104.80596464190253,511.07520645129017,436.0225074016363,0,0,0,0,1,1,1,1,1,0,1,1,1,1
c,4,5,51.40863,-2.17062,1265,0,437.45422893589097,346.7097459844844,149.9497765958277,345.1511846914575,348.86927214674756,22.25415266042106,103.4067527587263,859.881462053068,0,1,0,0,1,1,0,1,0,1,1,1,0,1
c,4,5,51.4171,-2.16883,1177,0,168.31566560893498,98.41904716472135,78.9453080878712,78.9453080878712,640.7796706148217,48.10647771536189,663.8131190842538,230.0246167924746,0,0,0,1,1,1,1,1,0,0,1,1,0,1
t,4,6,51.4465,-2.16063,978,0,124.91696841416201,124.91696841416201,33.468488446477025,124.30724800174369,461.18054480523045,746.3844250400347,150.05976590251458,2350.3099719102197,0,0,0,1,1,1,1,1,0,1,0,0,0,1
c,4,6,51.4884,-2.14127,959,0,205.51851305781156,205.51851305781156,205.30742878550222,205.30742878550222,213.4029837900665,209.18744782643483,315.1229959840804,911.3230183831314,0,0,1,1,1,1,1,0,1,0,1,1,0,1
c,4,6,51.48442,-2.14338,1023,0,637.4284522082563,637.4284522082563,301.4685190978414,561.7294590946929,569.7649118697609,618.7443499461243,18.223378942460336,1355.3968157158479,0,0,0,0,0,0,0,0,0,1,0,1,0,1
c,4,6,51.4922,-2.14012,916,0,213.6036623916947,229.90739766447382,95.4168308553503,146.51606906465003,240.05823448467584,130.12229697904615,249.10108447997942,505.35559930300485,0,0,1,1,1,1,1,1,1,1,1,1,1,1
t,4,7,51.5441,-2.11773,731,0,607.8853567523159,596.4297580861928,284.54053766175934,322.0477736963309,318.67370095547835,505.0184204499547,314.4383045089908,1399.4987380928612,0,0,0,0,0,0,0,0,0,0,0,1,0,0
c,4,7,51.60013,-2.11075,729,0,337.71560536433583,369.59155143110405,149.2760616623009,149.2760616623009,195.11430054844126,250.15103017031362,175.29261580066157,1946.4823463278553,0,0,1,0,1,1,1,1,1,1,1,1,1,1
c,4,7,51.59582,-2.11048,806,0,66.81631747063703,379.45276040679425,64.0900452534997,322.19902727950455,28.69789936356559,116.07768890018237,15.747340986081113,1522.0783740403683,0,0,0,1,1,1,0,1,1,1,1,1,1,1
c,4,7,51.60423,-2.11147,652,0,651.7615059043459,432.2353720011103,35.33576501533342,35.33576501533342,588.4939755826649,536.0890218623963,525.7096076838039,2382.065422855295,0,0,0,0,0,1,1,1,0,0,0,0,0,0
t,4,8,51.61993,-2.12382,379,1,308.1255347493453,308.1255347493453,144.00802300031108,144.00802300031108,807.6983157242922,381.9297458144488,338.14079659604573,907.3317799266415,0,0,0,0,1,1,1,1,0,0,1,1,0,0
c,4,8,51.10215,-2.27652,382,1,994.4620161424328,1291.5818105299159,337.9320159423782,842.1090818681652,176.18021100597434,889.9878853991241,80.04610852727144,1522.6622561813658,0,0,1,0,0,0,0,0,1,1,0,1,0,1
c,4,8,52.00405,-2.10897,235,1,62.99871398047123,94.61882783687324,20.217736804015466,62.980248361082566,27.80179919031623,9.083313918160908,192.92091792666577,3017.522903322609,0,1,1,1,1,1,1,1,1,1,1,0,1,1
c,4,8,52.00802,-2.10503,560,1,340.0061843728732,612.4121704583167,125.0291165844622,509.50783505559076,120.503368448729,270.0267703263784,535.3989958041944,2614.2222688432616,1,0,1,0,1,0,0,1,1,0,1,0,1,1
t,4,9,51.65263,-2.1194,1029,0,898.4183445437437,682.8912971346849,251.8127196930535,682.6954429925815,245.10643125642085,687.7558250136943,275.19907413765515,3083.8899785083186,1,0,1,0,0,0,0,0,1,1,0,0,0,1
c,4,9,51.48028,-2.14538,1069,0,913.4189797719536,888.9451657829013,698.226916538322,865.5240951508418,563.7432331391441,624.0695307552526,222.8935441284577,1827.3205611372898,0,0,0,0,0,0,0,0,0,1,0,1,0,1
c,4,9,51.71248,-2.11095,1174,0,284.7396398467911,419.47802052036405,205.29941099523145,274.88622453420476,230.7673262444635,552.2388688750356,212.24687333455918,1083.1969866166914,0,0,1,1,1,1,1,0,1,1,0,1,0,1
c,4,9,51.715,-2.10838,1182,0,118.42925607198028,499.1735422263643,20.977569548321473,20.977569548321473,69.52320055035074,524.6520439082702,129.9793988472814,869.3447401389811,0,0,0,1,1,1,1,1,1,1,0,1,1,1
t,4,10,51.75023,-2.09445,1042,0,627.2068610433636,2695.919699858105,349.86653685500715,2695.919699858105,1501.2771036997146,732.082897854728,44.60057742924936,1279.0791450528188,0,0,0,0,0,0,0,0,0,1,0,1,0,1
c,4,10,51.73357,-2.09997,1176,0,811.5966722030054,1289.0876116435059,131.8715591198317,1068.3386444733476,697.1344834615397,505.6238447375185,6.966699626469008,1596.7736934852849,0,0,0,0,0,0,0,1,0,1,0,1,0,1
c,4,10,51.73655,-2.10198,1179,0,877.924884446131,1585.8331853455272,152.96541864177033,1422.5177246238518,753.3503465026292,560.8485265193091,5.255667606805317,1650.352215818826,0,0,0,0,0,0,0,0,0,1,0,1,0,1
c,4,10,51.7175,-2.10443,1182,0,450.36248114975456,549.2217072747782,16.45110886917317,231.12020847802495,27.63767537953477,578.3026772684482,469.4032607575385,821.4154104571012,0,0,1,0,1,0,1,1,1,0,0,1,1,1
t,4,11,51.84632,-2.06398,1096,0,543.1042354881318,1122.7455024639407,75.07690405519901,75.07690405519901,48.41810440535478,203.10571045713394,74.6268783413989,656.484669932387,1,0,1,0,0,0,1,1,1,1,1,1,1,1
c,4,11,51.83268,-2.06082,1208,0,931.0298020452339,1701.6765565798396,159.40375062344853,976.5640421396328,54.28688806627017,177.12368253808728,133.38220267855786,466.2545129114835,1,0,1,0,0,0,0,0,1,1,1,1,0,1
c,4,11,52.00878,-2.05238,1048,0,325.7369397413084,325.7369397413084,137.54457373480474,325.6345844675182,127.76572194398298,338.3742166531361,382.1375226474494,1117.0104922815312,1,0,1,0,1,1,0,1,1,0,1,1,1,1
c,4,11,51.82852,-2.06072,1242,0,862.4764468781951,1374.2206586452614,181.81828636529886,978.8644662290601,193.63336180935917,132.9719252571256,252.03353962427755,507.4288641106544,0,0,1,0,0,0,0,0,1,1,1,1,0,1
t,4,12,51.93367,-2.05193,1336,0,428.4520451672911,662.8746251502823,249.98327123157046,428.4520451672911,191.66957278459066,285.3077219137741,349.58360922243435,786.5897664105225,1,0,1,0,1,0,0,0,1,0,1,1,0,1
c,4,12,51.81655,-2.06253,1335,0,768.6991096568468,555.6473794788053,203.61638865371117,538.3948823649717,346.0500750610575,775.2270145556702,207.6942882812415,1214.6986809162543,0,0,0,0,0,0,0,0,0,1,0,1,0,1
c,4,12,51.8204,-2.06175,1313,0,533.082958292774,809.7354329511214,334.36472963372586,750.7192151790387,571.4873713842021,946.5834076870914,124.93092120201237,1282.8627431476045,0,0,0,0,0,0,0,0,0,1,0,1,0,1
c,4,12,51.91605,-2.05492,1433,0,34.24342743899636,200.92449871483504,24.549006940371402,196.15135257832918,223.4376941096801,101.34453658992562,345.30532788677425,540.6176726822644,0,1,0,1,1,1,1,1,1,0,1,1,1,1
