g,k,f,lat,lon
a,t,0,51.37295,-1.8594
a,t,0,51.37418,-1.851
a,t,0,51.41292,-1.75973
a,t,0,51.4799,-1.61417
a,t,0,51.53707,-1.52937
a,t,0,51.601,-1.44007
a,t,0,51.64232,-1.38885
a,t,0,51.72353,-1.25333
a,t,0,51.81988,-1.0815
a,t,0,51.8692,-0.97657
a,t,0,51.90533,-0.91893
a,t,0,51.97037,-0.83897
a,t,0,52.07113,-0.77503
a,c,0,51.4314,-1.7055
a,c,0,51.40342,-1.7967
a,c,0,52.07962,-0.77855
a,c,0,51.59007,-1.46692
a,c,0,51.51203,-1.56928
a,c,0,51.4323,-1.7205
a,c,0,51.51335,-1.56673
a,c,0,51.9521,-0.85472
a,c,0,51.43108,-1.70998
a,c,0,51.51815,-1.56008
a,c,0,51.40602,-1.78695
a,c,0,52.07273,-0.79805
a,c,0,52.06003,-0.77202
a,c,0,51.57853,-1.48473
a,c,0,51.85535,-1.0104
a,c,0,52.05323,-0.77122
a,c,0,52.07653,-0.79812
a,c,0,51.50608,-1.57808
a,c,0,51.40768,-1.78162
a,c,0,51.6596,-1.36505
a,c,0,51.67048,-1.33953
a,c,0,51.7906,-1.15777
a,c,0,51.40143,-1.8034
a,c,0,51.66075,-1.36202
a,c,0,52.0769,-0.79123
a,c,0,51.8908,-0.94848
a,c,0,51.67975,-1.32625
a,c,0,52.04585,-0.78492
a,c,0,52.08058,-0.77587
a,c,0,51.85337,-1.01592
a,c,0,51.7789,-1.18688
a,c,0,51.78995,-1.16085
a,c,0,51.52483,-1.55
a,c,0,51.80937,-1.1031
a,c,0,51.94357,-0.86457
a,c,0,51.79248,-1.15163
a,c,0,51.66207,-1.3586
a,c,0,51.503,-1.58345
a,c,0,51.88935,-0.95102
a,c,0,52.00645,-0.81142
a,c,0,51.83988,-1.04993
a,c,0,51.95038,-0.85657
a,c,0,51.77715,-1.19173
a,c,0,52.04503,-0.78728
a,c,0,52.05833,-0.77295
a,c,0,52.02232,-0.80842
a,c,0,51.66737,-1.3451
a,c,0,51.50762,-1.57578
a,c,0,52.03035,-0.80373
a,c,0,52.08013,-0.7772
a,c,0,51.80702,-1.10728
a,c,0,51.62712,-1.39898
a,c,0,51.80818,-1.10513
a,c,0,52.07867,-0.78052
a,c,0,51.80208,-1.11727
a,c,0,52.07205,-0.7969
a,c,0,51.80583,-1.10983
a,c,0,51.39543,-1.8117
a,c,0,51.49843,-1.58998
a,c,0,51.43213,-1.7257
a,c,0,51.50447,-1.58115
a,c,0,51.8598,-0.99875
a,c,0,51.40287,-1.79895
a,c,0,51.95368,-0.85285
a,c,0,51.51055,-1.57153
l,t,0,51.37295,-1.8594
l,t,0,51.37418,-1.851
l,c,0,52.07205,-0.7969
l,c,0,52.07653,-0.79812
l,c,0,52.06928,-0.79663
l,c,0,52.07745,-0.78873
l,c,0,52.07772,-0.78732
l,c,0,52.07567,-0.7994
l,c,0,52.0769,-0.79123
l,c,0,52.07682,-0.79278
l,c,0,52.0769,-0.79693
l,c,0,52.07135,-0.796
a,t,1,51.51757,-1.70018
a,t,1,51.42035,-1.53733
a,c,1,51.35757,-1.46623
a,c,1,51.36748,-1.46682
a,c,1,51.3591,-1.47698
a,c,1,51.38107,-1.48263
a,c,1,51.35925,-1.47822
a,c,1,51.36568,-1.4653
a,c,1,51.36063,-1.48123
a,c,1,51.35945,-1.48175
a,c,1,51.36402,-1.46382
a,c,1,51.35437,-1.46478
l,t,1,51.51757,-1.70018
l,c,1,51.352,-1.4608
l,c,1,51.35695,-1.46367
l,c,1,51.35743,-1.46063
l,c,1,51.35848,-1.47445
l,c,1,51.35773,-1.46977
a,t,2,50.96157,-0.86478
a,c,2,50.96115,-0.8528
a,c,2,50.9598,-0.86198
a,c,2,50.9595,-0.85057
a,c,2,50.96058,-0.85165
a,c,2,50.96148,-0.86023
l,t,2,50.96157,-0.86478
l,c,2,50.96067,-0.85938
l,c,2,50.9591,-0.86277
l,c,2,50.96058,-0.85165
l,c,2,50.96115,-0.8528
l,c,2,50.95898,-0.86447
a,t,3,51.3612,-1.48508
a,t,3,51.3152,-1.42907
a,t,3,51.26233,-1.35755
a,t,3,51.23328,-1.278
a,t,3,51.21082,-1.22152
a,t,3,51.17498,-1.16373
a,t,3,51.14267,-1.10247
a,t,3,51.10472,-1.05695
a,t,3,51.03258,-0.9936
a,t,3,50.9535,-0.92238
a,t,3,50.9222,-0.73715
a,t,3,50.88473,-0.64965
a,t,3,50.8949,-0.54352
a,t,3,50.88638,-0.50133
a,t,3,50.89515,-0.41595
a,t,3,50.89978,-0.32132
a,c,3,50.89187,-0.35503
a,c,3,51.33032,-1.47117
a,c,3,50.88568,-0.17838
a,c,3,50.89478,-0.33725
a,c,3,51.08933,-1.04387
a,c,3,50.87877,-0.13553
a,c,3,50.8836,-0.26042
a,c,3,51.16477,-1.15037
a,c,3,50.93033,-0.87583
a,c,3,50.91372,-0.06778
a,c,3,50.877,-0.14925
a,c,3,51.28923,-1.39732
a,c,3,50.9277,-0.06783
a,c,3,51.1509,-1.12678
a,c,3,50.88282,-0.60508
a,c,3,50.88338,-0.59528
a,c,3,50.89805,-0.09093
a,c,3,50.87655,-0.14635
a,c,3,51.32623,-1.46077
a,c,3,51.00648,-0.96863
a,c,3,51.1644,-1.1459
a,c,3,51.0805,-1.0453
a,c,3,51.23952,-1.2999
a,c,3,51.1589,-1.14595
a,c,3,50.8843,-0.66508
a,c,3,51.168,-1.15467
a,c,3,51.16718,-1.15633
a,c,3,50.88417,-0.66702
a,c,3,50.89542,-0.09602
a,c,3,51.08785,-1.04877
a,c,3,50.88292,-0.61473
a,c,3,50.9294,-0.78432
a,c,3,50.89283,-0.54672
a,c,3,51.16033,-1.14808
a,c,3,50.8837,-0.2632
a,c,3,51.27165,-1.37363
a,c,3,50.88345,-0.59247
a,c,3,50.99573,-0.95862
a,c,3,50.92792,-0.8689
a,c,3,50.93095,-0.87777
a,c,3,50.88437,-0.18435
a,c,3,50.90035,-0.08423
a,c,3,50.88382,-0.26827
a,c,3,51.04922,-1.00333
a,c,3,50.88225,-0.22415
a,c,3,51.2724,-1.37682
a,c,3,51.04708,-0.9997
a,c,3,51.27798,-1.37568
a,c,3,50.88375,-0.26578
a,c,3,51.13127,-1.07933
a,c,3,51.00078,-0.9642
a,c,3,51.28385,-1.38255
a,c,3,50.92763,-0.06708
a,c,3,50.89208,-0.3526
a,c,3,50.96837,-0.92773
a,c,3,51.33308,-1.47502
a,c,3,51.18675,-1.1861
a,c,3,50.88467,-0.43855
a,c,3,50.97105,-0.93047
a,c,3,51.08183,-1.04367
a,c,3,51.18378,-1.18377
a,c,3,51.08575,-1.0389
a,c,3,51.28578,-1.38722
a,c,3,50.9269,-0.85153
a,c,3,51.07952,-1.047
a,c,3,51.16825,-1.15598
a,c,3,51.16533,-1.15273
a,c,3,50.88083,-0.21712
a,c,3,50.8822,-0.22685
a,c,3,51.08947,-1.04927
a,c,3,51.05577,-1.0136
a,c,3,50.88283,-0.19323
a,c,3,50.92202,-0.06603
a,c,3,51.28845,-1.3946
a,c,3,51.12407,-1.0742
a,c,3,50.92942,-0.80355
a,c,3,51.08872,-1.04767
a,c,3,50.99445,-0.95635
a,c,3,51.2202,-1.26283
a,c,3,50.92867,-0.87128
l,t,3,51.3612,-1.48508
l,t,3,51.03258,-0.9936
l,t,3,50.9535,-0.92238
l,t,3,50.9222,-0.73715
l,t,3,50.8949,-0.54352
l,t,3,50.88638,-0.50133
l,t,3,50.89515,-0.41595
l,t,3,50.89978,-0.32132
l,c,3,50.89805,-0.09093
l,c,3,50.88475,-0.57523
l,c,3,50.92657,-0.06815
l,c,3,50.90932,-0.06997
l,c,3,50.92202,-0.06603
l,c,3,50.91372,-0.06778
l,c,3,50.89098,-0.1034
l,c,3,50.8857,-0.57097
l,c,3,50.91078,-0.06907
l,c,3,51.04708,-0.9997
l,c,3,50.90148,-0.0819
l,c,3,50.89033,-0.55672
l,c,3,50.89542,-0.09602
l,c,3,50.89283,-0.54672
l,c,3,50.88633,-0.5688
l,c,3,50.92843,-0.06663
l,c,3,50.88745,-0.56475
l,c,3,50.92558,-0.06777
l,c,3,50.91823,-0.06702
l,c,3,50.88933,-0.56058
l,c,3,50.89395,-0.0988
l,c,3,50.89892,-0.0882
l,c,3,50.88507,-0.57282
l,c,3,50.89677,-0.0935
l,c,3,50.90407,-0.07387
l,c,3,50.88975,-0.55895
l,c,3,50.9066,-0.07168
l,c,3,50.89132,-0.55238
l,c,3,50.89243,-0.10132
l,c,3,50.9277,-0.06783
l,c,3,50.89208,-0.54712
l,c,3,50.90527,-0.07255
l,c,3,50.91697,-0.06673
l,c,3,50.92763,-0.06708
l,c,3,50.88687,-0.56655
l,c,3,50.9196,-0.06712
l,c,3,50.89232,-0.54892
l,c,3,50.91212,-0.06843
l,c,3,50.92325,-0.06565
l,c,3,50.92433,-0.0655
a,t,4,51.10878,-2.27165
a,t,4,51.14672,-2.24895
a,t,4,51.201,-2.24015
a,t,4,51.29655,-2.19145
a,t,4,51.36103,-2.17123
a,t,4,51.4465,-2.16063
a,t,4,51.5441,-2.11773
a,t,4,51.61993,-2.12382
a,t,4,51.65263,-2.1194
a,t,4,51.75023,-2.09445
a,t,4,51.84632,-2.06398
a,t,4,51.93367,-2.05193
a,c,4,51.25043,-2.2121
a,c,4,51.70258,-2.11143
a,c,4,52.01268,-2.0866
a,c,4,51.10215,-2.27652
a,c,4,51.42912,-2.1616
a,c,4,51.24668,-2.21412
a,c,4,51.27107,-2.20133
a,c,4,52.00778,-2.10372
a,c,4,51.26207,-2.1975
a,c,4,51.4171,-2.16883
a,c,4,51.18025,-2.255
a,c,4,51.18852,-2.25455
a,c,4,51.7208,-2.10397
a,c,4,51.91032,-2.05338
a,c,4,51.71052,-2.11147
a,c,4,51.10138,-2.27687
a,c,4,51.91413,-2.0547
a,c,4,51.10667,-2.278
a,c,4,51.7289,-2.10253
a,c,4,51.82852,-2.06072
a,c,4,51.69878,-2.11238
a,c,4,51.25893,-2.20405
a,c,4,52.00802,-2.10503
a,c,4,51.73072,-2.09987
a,c,4,51.42782,-2.16295
a,c,4,52.00432,-2.10615
a,c,4,51.90848,-2.05225
a,c,4,51.7007,-2.11172
a,c,4,51.40412,-2.17147
a,c,4,51.59375,-2.1105
a,c,4,51.27523,-2.19515
a,c,4,51.2629,-2.19908
a,c,4,51.4922,-2.14012
a,c,4,51.1865,-2.25525
a,c,4,51.80912,-2.06437
a,c,4,51.81468,-2.06258
a,c,4,51.2688,-2.20088
a,c,4,51.26698,-2.19992
a,c,4,52.00945,-2.05407
a,c,4,52.01437,-2.0763
a,c,4,51.59582,-2.11048
a,c,4,51.6906,-2.11307
a,c,4,51.18433,-2.2556
a,c,4,51.69272,-2.11263
a,c,4,51.25972,-2.20172
a,c,4,51.7235,-2.1054
a,c,4,52.01347,-2.06635
a,c,4,51.09875,-2.27498
a,c,4,51.48442,-2.14338
a,c,4,51.83268,-2.06082
a,c,4,51.40183,-2.1717
a,c,4,51.67892,-2.11682
a,c,4,51.2574,-2.20632
a,c,4,51.90185,-2.04997
a,c,4,51.41488,-2.16945
a,c,4,51.42282,-2.16563
a,c,4,51.17178,-2.25158
a,c,4,51.27948,-2.19562
a,c,4,51.39965,-2.1717
a,c,4,51.80707,-2.06563
l,t,4,51.10878,-2.27165
l,t,4,51.29655,-2.19145
l,t,4,51.61993,-2.12382
l,c,4,52.00585,-2.10587
l,c,4,51.09705,-2.2772
l,c,4,51.10667,-2.278
l,c,4,51.10288,-2.27673
l,c,4,51.60228,-2.11112
l,c,4,52.00802,-2.10503
l,c,4,51.10215,-2.27652
l,c,4,52.00625,-2.10808
l,c,4,52.00458,-2.10685
l,c,4,51.09952,-2.27803
l,c,4,52.00918,-2.09908
l,c,4,51.09855,-2.27642
l,c,4,52.0098,-2.09813
l,c,4,51.09875,-2.27498
l,c,4,51.10502,-2.27795
